sku,descripcion,categoria,costo_unitario,lead_time_declarado_dias,stock_inicial,stock_fisico_contado,entradas_kardex,salidas_kardex,ajustes_kardex,saldo_sistema,dif_sistema_fisico,dif_absoluta
MP-0311,Empaque calibre/ref 20,Empaque,4693,8,544.0,615.0,71.0,0.0,0.0,615.0,0.0,0.0
MP-0219,Correderas calibre/ref 28,Correderas,7896,10,448.0,531.0,83.0,0.0,0.0,531.0,0.0,0.0
MP-0338,Empaque calibre/ref 33,Empaque,4061,15,439.0,479.0,40.0,0.0,0.0,479.0,0.0,0.0
MP-0167,Correderas calibre/ref 34,Correderas,13015,16,273.0,421.0,172.0,0.0,24.0,469.0,48.0,48.0
MP-0125,Tubería calibre/ref 6,Tubería,76778,6,441.0,4533.0,4092.0,0.0,0.0,4533.0,0.0,0.0
MP-0276,Correderas calibre/ref 16,Correderas,1815,7,240.0,296.0,56.0,0.0,0.0,296.0,0.0,0.0
MP-0280,Vidrio calibre/ref 36,Vidrio,2504,5,468.0,491.0,30.0,0.0,7.0,505.0,14.0,14.0
MP-0145,Tubería calibre/ref 22,Tubería,22774,7,376.0,2814.0,2438.0,0.0,0.0,2814.0,0.0,0.0
MP-0142,Lámina calibre/ref 21,Lámina,34292,14,496.0,7009.0,1976.0,8492.8,0.0,-6020.799999999999,-13029.8,13029.8
MP-0206,Adhesivos calibre/ref 17,Adhesivos,13367,32,498.0,591.0,93.0,0.0,0.0,591.0,0.0,0.0
MP-0294,Lámina calibre/ref 23,Lámina,3954,7,218.0,221.0,3.0,0.0,0.0,221.0,0.0,0.0
MP-0188,Vidrio calibre/ref 28,Vidrio,1200,6,375.0,425.0,50.0,0.0,0.0,425.0,0.0,0.0
MP-0195,Pintura calibre/ref 34,Pintura,6770,17,425.0,472.0,47.0,0.0,0.0,472.0,0.0,0.0
MP-0324,Lámina calibre/ref 24,Lámina,14311,18,493.0,533.0,40.0,0.0,0.0,533.0,0.0,0.0
MP-0402,Tubería calibre/ref 14,Tubería,7198,7,588.0,723.0,135.0,0.0,0.0,723.0,0.0,0.0
MP-0268,Vidrio calibre/ref 22,Vidrio,12459,13,225.0,2931.0,5.0,2917.7,0.0,-2687.7,-5618.7,5618.7
MP-0065,Adhesivos calibre/ref 1,Adhesivos,35988,11,421.0,1256.0,835.0,0.0,0.0,1256.0,0.0,0.0
MP-0367,Tornillería calibre/ref 14,Tornillería,13259,7,209.0,243.0,34.0,0.0,0.0,243.0,0.0,0.0
MP-0366,Pintura calibre/ref 22,Pintura,8061,12,392.0,392.0,0.0,0.0,0.0,392.0,0.0,0.0
MP-0292,Tornillería calibre/ref 5,Tornillería,12482,24,405.0,405.0,0.0,0.0,0.0,405.0,0.0,0.0
MP-0012,Tubería calibre/ref 22,Tubería,260365,14,497.0,5091.0,14028.0,8575.4,0.0,5949.6,858.6000000000004,858.6000000000004
MP-0208,Adhesivos calibre/ref 8,Adhesivos,8505,14,405.0,515.0,110.0,0.0,0.0,515.0,0.0,0.0
MP-90289,Adhesivos (dup),Adhesivos,11160,13,0.0,,0.0,0.0,0.0,0.0,,
MP-0185,Tornillería calibre/ref 6,Tornillería,12045,15,425.0,425.0,0.0,0.0,0.0,425.0,0.0,0.0
MP-0132,Lámina calibre/ref 4,Lámina,32995,25,595.0,10572.0,566.0,10806.6,0.0,-9645.6,-20217.6,20217.6
MP-0337,Tornillería calibre/ref 1,Tornillería,3350,5,346.0,378.0,32.0,0.0,0.0,378.0,0.0,0.0
MP-0360,Tubería calibre/ref 25,Tubería,2148,6,345.0,345.0,0.0,0.0,0.0,345.0,0.0,0.0
MP-0389,Adhesivos calibre/ref 16,Adhesivos,2311,5,291.0,360.0,69.0,0.0,0.0,360.0,0.0,0.0
MP-0322,Empaque calibre/ref 22,Empaque,8687,10,518.0,545.0,27.0,0.0,0.0,545.0,0.0,0.0
MP-0193,Correderas calibre/ref 15,Correderas,2415,10,401.0,6272.0,20.0,5988.0,0.0,-5567.0,-11839.0,11839.0
MP-0365,Empaque calibre/ref 30,Empaque,1744,6,345.0,369.0,24.0,0.0,0.0,369.0,0.0,0.0
MP-0109,Correderas calibre/ref 18,Correderas,60010,11,233.0,1668.0,1435.0,0.0,0.0,1668.0,0.0,0.0
MP-0410,Tubería calibre/ref 5,Tubería,4345,13,560.0,579.0,19.0,0.0,0.0,579.0,0.0,0.0
MP-0387,Tubería calibre/ref 15,Tubería,10078,6,362.0,469.0,107.0,0.0,0.0,469.0,0.0,0.0
MP-0203,Adhesivos calibre/ref 22,Adhesivos,13450,17,346.0,346.0,0.0,0.0,0.0,346.0,0.0,0.0
MP-0110,Correderas calibre/ref 37,Correderas,70066,8,242.0,1315.0,1073.0,0.0,0.0,1315.0,0.0,0.0
MP-0340,Vidrio calibre/ref 34,Vidrio,2769,17,352.0,4461.0,3.0,4412.6,0.0,-4057.6000000000004,-8518.6,8518.6
MP-0353,Correderas calibre/ref 25,Correderas,10667,15,442.0,514.0,107.0,0.0,35.0,584.0,70.0,70.0
MP-0278,Empaque calibre/ref 8,Empaque,631,14,343.0,382.0,39.0,0.0,0.0,382.0,0.0,0.0
MP-0187,Adhesivos calibre/ref 6,Adhesivos,11831,10,339.0,339.0,0.0,0.0,0.0,339.0,0.0,0.0
MP-0308,Tubería calibre/ref 29,Tubería,8450,6,291.0,377.0,86.0,0.0,0.0,377.0,0.0,0.0
MP-0097,Vidrio calibre/ref 31,Vidrio,56581,10,412.0,899.0,487.0,0.0,0.0,899.0,0.0,0.0
MP-0181,Pintura calibre/ref 37,Pintura,3549,9,384.0,8611.0,47.0,8379.4,0.0,-7948.4,-16559.4,16559.4
MP-0281,Lámina calibre/ref 27,Lámina,7868,11,266.0,286.0,20.0,0.0,0.0,286.0,0.0,0.0
MP-0243,Vidrio calibre/ref 37,Vidrio,7117,8,239.0,309.0,70.0,0.0,0.0,309.0,0.0,0.0
MP-0328,Empaque calibre/ref 17,Empaque,11117,11,247.0,247.0,0.0,0.0,0.0,247.0,0.0,0.0
MP-0306,Lámina calibre/ref 22,Lámina,6945,29,445.0,445.0,0.0,0.0,0.0,445.0,0.0,0.0
MP-0207,Tubería calibre/ref 11,Tubería,1443,5,212.0,252.0,40.0,0.0,0.0,252.0,0.0,0.0
MP-0144,Adhesivos calibre/ref 17,Adhesivos,49362,10,287.0,615.0,328.0,0.0,0.0,615.0,0.0,0.0
MP-0030,Correderas calibre/ref 5,Correderas,284982,16,510.0,37350.0,38864.0,1836.4,0.0,37537.6,187.59999999999854,187.59999999999854
MP-0200,Lámina calibre/ref 30,Lámina,13801,12,370.0,424.0,54.0,0.0,0.0,424.0,0.0,0.0
MP-0226,Adhesivos calibre/ref 13,Adhesivos,7832,16,230.0,247.0,17.0,0.0,0.0,247.0,0.0,0.0
MP-0379,Lámina calibre/ref 14,Lámina,12817,8,202.0,206.0,4.0,0.0,0.0,206.0,0.0,0.0
MP-0098,Empaque calibre/ref 2,Empaque,16242,5,412.0,1439.0,1027.0,0.0,0.0,1439.0,0.0,0.0
MP-0156,Lámina calibre/ref 37,Lámina,13196,6,554.0,554.0,0.0,0.0,0.0,554.0,0.0,0.0
MP-0157,Tornillería calibre/ref 30,Tornillería,2791,6,557.0,17264.0,49.0,16132.2,0.0,-15526.2,-32790.2,32790.2
MP-0080,Adhesivos calibre/ref 18,Adhesivos,39838,10,282.0,4184.0,1091.0,5121.9,0.0,-3748.8999999999996,-7932.9,7932.9
MP-0238,Pintura calibre/ref 4,Pintura,12403,10,506.0,6803.0,70.0,6871.5,0.0,-6295.5,-13098.5,13098.5
MP-0164,Vidrio calibre/ref 14,Vidrio,1846,9,372.0,414.0,42.0,0.0,0.0,414.0,0.0,0.0
MP-0053,Tubería calibre/ref 22,Tubería,21843,12,514.0,1981.0,1467.0,0.0,0.0,1981.0,0.0,0.0
MP-0368,Pintura calibre/ref 4,Pintura,9888,22,379.0,465.0,86.0,0.0,0.0,465.0,0.0,0.0
MP-0210,Empaque calibre/ref 29,Empaque,7603,6,429.0,488.0,59.0,0.0,0.0,488.0,0.0,0.0
MP-0171,Tornillería calibre/ref 28,Tornillería,3672,12,329.0,397.0,68.0,0.0,0.0,397.0,0.0,0.0
MP-0176,Tubería calibre/ref 37,Tubería,579,5,483.0,654.0,171.0,0.0,0.0,654.0,0.0,0.0
MP-0325,Tubería calibre/ref 8,Tubería,431,14,296.0,7124.0,9.0,7100.4,0.0,-6795.4,-13919.4,13919.4
MP-0257,Adhesivos calibre/ref 13,Adhesivos,3868,16,479.0,479.0,0.0,0.0,0.0,479.0,0.0,0.0
MP-0332,Vidrio calibre/ref 35,Vidrio,6819,16,445.0,533.0,88.0,0.0,0.0,533.0,0.0,0.0
MP-0027,Pintura calibre/ref 17,Pintura,179174,16,259.0,2790.0,4044.0,1341.6,0.0,2961.4,171.4000000000001,171.4000000000001
MP-0393,Empaque calibre/ref 3,Empaque,9553,9,499.0,2236.0,30.0,2613.7,0.0,-2084.7,-4320.7,4320.7
MP-0135,Tubería calibre/ref 34,Tubería,25279,5,456.0,2705.0,2249.0,0.0,0.0,2705.0,0.0,0.0
MP-0417,Correderas calibre/ref 3,Correderas,13045,11,590.0,642.0,52.0,0.0,0.0,642.0,0.0,0.0
MP-0094,Lámina calibre/ref 36,Lámina,40900,12,242.0,5149.0,1638.0,6243.5,0.0,-4363.5,-9512.5,9512.5
MP-0348,Correderas calibre/ref 6,Correderas,9374,5,469.0,486.0,17.0,0.0,0.0,486.0,0.0,0.0
MP-0170,Tornillería calibre/ref 22,Tornillería,4382,17,331.0,331.0,0.0,0.0,0.0,331.0,0.0,0.0
MP-0103,Pintura calibre/ref 2,Pintura,50643,8,447.0,3903.0,3456.0,0.0,0.0,3903.0,0.0,0.0
MP-0192,Tornillería calibre/ref 24,Tornillería,10044,10,479.0,514.0,35.0,0.0,0.0,514.0,0.0,0.0
MP-0380,Tornillería calibre/ref 4,Tornillería,13527,10,399.0,457.0,58.0,0.0,0.0,457.0,0.0,0.0
MP-0197,Tornillería calibre/ref 25,Tornillería,3935,7,498.0,9525.0,50.0,8930.2,0.0,-8382.2,-17907.2,17907.2
MP-0134,Correderas calibre/ref 36,Correderas,64521,12,532.0,1728.0,1196.0,0.0,0.0,1728.0,0.0,0.0
MP-0198,Pintura calibre/ref 7,Pintura,13940,17,553.0,553.0,0.0,0.0,0.0,553.0,0.0,0.0
MP-0077,Tubería calibre/ref 26,Tubería,66191,17,576.0,9710.0,1303.0,10806.2,0.0,-8927.2,-18637.2,18637.2
MP-0112,Adhesivos calibre/ref 5,Adhesivos,23398,11,524.0,977.0,453.0,0.0,0.0,977.0,0.0,0.0
MP-0024,Vidrio calibre/ref 33,Vidrio,223650,20,265.0,6069.0,25000.0,17465.4,0.0,7799.5999999999985,1730.5999999999985,1730.5999999999985
MP-0296,Adhesivos calibre/ref 1,Adhesivos,10190,10,301.0,353.0,52.0,0.0,0.0,353.0,0.0,0.0
MP-0010,Pintura calibre/ref 33,Pintura,244981,20,427.0,12903.0,23582.0,10099.3,0.0,13909.7,1006.7000000000007,1006.7000000000007
MP-0414,Empaque calibre/ref 10,Empaque,2703,12,252.0,267.0,15.0,0.0,0.0,267.0,0.0,0.0
MP-0265,Tornillería calibre/ref 19,Tornillería,8263,7,415.0,420.0,5.0,0.0,0.0,420.0,0.0,0.0
MP-0327,Tubería calibre/ref 23,Tubería,8037,14,483.0,483.0,0.0,0.0,0.0,483.0,0.0,0.0
MP-0138,Tubería calibre/ref 10,Tubería,68215,19,469.0,2198.0,1729.0,41.0,0.0,2157.0,-41.0,41.0
MP-0067,Pintura calibre/ref 15,Pintura,65561,11,536.0,1212.0,676.0,0.0,0.0,1212.0,0.0,0.0
MP-0377,Empaque calibre/ref 37,Empaque,5853,12,360.0,394.0,45.0,0.0,11.0,416.0,22.0,22.0
MP-0288,Lámina calibre/ref 6,Lámina,3660,19,465.0,482.0,17.0,0.0,0.0,482.0,0.0,0.0
MP-0364,Empaque calibre/ref 26,Empaque,7364,6,485.0,535.0,50.0,0.0,0.0,535.0,0.0,0.0
MP-0121,Adhesivos calibre/ref 28,Adhesivos,50877,9,421.0,3558.0,3137.0,0.0,0.0,3558.0,0.0,0.0
MP-0217,Adhesivos calibre/ref 34,Adhesivos,7822,14,398.0,6174.0,26.0,6232.2,0.0,-5808.2,-11982.2,11982.2
MP-0021,Correderas calibre/ref 31,Correderas,188399,13,239.0,9168.0,8929.0,0.0,0.0,9168.0,0.0,0.0
MP-0062,Correderas calibre/ref 33,Correderas,42841,13,240.0,1402.0,1162.0,0.0,0.0,1402.0,0.0,0.0
MP-0301,Pintura calibre/ref 12,Pintura,13471,16,269.0,296.0,27.0,0.0,0.0,296.0,0.0,0.0
MP-0111,Adhesivos calibre/ref 34,Adhesivos,71165,9,478.0,9296.0,494.0,9187.8,0.0,-8215.8,-17511.8,17511.8
MP-0215,Pintura calibre/ref 33,Pintura,8972,11,236.0,247.0,11.0,0.0,0.0,247.0,0.0,0.0
MP-0330,Tornillería calibre/ref 30,Tornillería,8021,8,403.0,2687.0,0.0,2862.2999999999997,0.0,-2459.2999999999997,-5146.299999999999,5146.299999999999
MP-0008,Correderas calibre/ref 39,Correderas,310890,20,242.0,10995.0,4984.0,14704.4,0.0,-9478.4,-20473.4,20473.4
MP-0147,Tubería calibre/ref 28,Tubería,48242,10,339.0,3848.0,3542.0,0.0,33.0,3914.0,66.0,66.0
MP-0091,Tubería calibre/ref 34,Tubería,75896,11,585.0,1318.0,696.0,0.0,37.0,1318.0,0.0,0.0
MP-0407,Lámina calibre/ref 34,Lámina,11177,10,530.0,528.0,3.0,0.0,5.0,538.0,10.0,10.0
MP-0061,Tornillería calibre/ref 7,Tornillería,53880,11,243.0,802.0,559.0,0.0,0.0,802.0,0.0,0.0
MP-0131,Tornillería calibre/ref 8,Tornillería,37576,9,200.0,760.0,3381.0,4006.0,0.0,-425.0,-1185.0,1185.0
MP-0298,Correderas calibre/ref 23,Correderas,3294,12,593.0,655.0,60.0,0.0,2.0,655.0,0.0,0.0
MP-0236,Empaque calibre/ref 12,Empaque,12660,10,481.0,481.0,0.0,0.0,0.0,481.0,0.0,0.0
MP-90107,Lámina (dup),Lámina,74064,14,0.0,,0.0,0.0,0.0,0.0,,
MP-0051,Correderas calibre/ref 32,Correderas,68499,23,247.0,15501.0,1440.0,16071.0,0.0,-14384.0,-29885.0,29885.0
MP-0137,Vidrio calibre/ref 12,Vidrio,39144,6,396.0,4370.0,2800.0,6965.9,0.0,-3769.8999999999996,-8139.9,8139.9
MP-0415,Correderas calibre/ref 28,Correderas,12117,9,583.0,621.0,38.0,0.0,0.0,621.0,0.0,0.0
MP-0253,Tubería calibre/ref 5,Tubería,9356,10,320.0,309.0,28.0,0.0,39.0,387.0,78.0,78.0
MP-0064,Tubería calibre/ref 23,Tubería,35201,11,589.0,1358.0,769.0,0.0,0.0,1358.0,0.0,0.0
MP-0086,Empaque calibre/ref 3,Empaque,69618,19,572.0,868.0,296.0,0.0,0.0,868.0,0.0,0.0
MP-90019,Vidrio (dup),Vidrio,85882,17,0.0,,0.0,0.0,0.0,0.0,,
MP-0391,Adhesivos calibre/ref 29,Adhesivos,8995,15,562.0,562.0,0.0,0.0,0.0,562.0,0.0,0.0
MP-0070,Tubería calibre/ref 34,Tubería,57954,9,317.0,1199.0,882.0,0.0,0.0,1199.0,0.0,0.0
MP-0071,Pintura calibre/ref 10,Pintura,64609,10,542.0,5566.0,2035.0,7353.099999999999,0.0,-4776.099999999999,-10342.099999999999,10342.099999999999
MP-0400,Tubería calibre/ref 15,Tubería,13930,11,234.0,270.0,36.0,0.0,0.0,270.0,0.0,0.0
MP-0020,Lámina calibre/ref 1,Lámina,248445,15,593.0,5310.0,5154.0,9871.0,0.0,-4124.0,-9434.0,9434.0
MP-0282,Tornillería calibre/ref 28,Tornillería,14231,11,556.0,583.0,27.0,0.0,0.0,583.0,0.0,0.0
MP-90093,Adhesivos (dup),Adhesivos,75030,7,0.0,,0.0,0.0,0.0,0.0,,
MP-0034,Tornillería calibre/ref 13,Tornillería,318023,18,410.0,16647.0,16237.0,0.0,0.0,16647.0,0.0,0.0
MP-0001,Adhesivos calibre/ref 25,Adhesivos,299035,26,472.0,7783.0,3988.0,11278.5,0.0,-6818.5,-14601.5,14601.5
MP-0085,Empaque calibre/ref 20,Empaque,42369,11,375.0,9043.0,671.0,9592.2,0.0,-8546.2,-17589.2,17589.2
MP-0179,Correderas calibre/ref 24,Correderas,11205,15,574.0,617.0,43.0,0.0,0.0,617.0,0.0,0.0
MP-90223,Tornillería (dup),Tornillería,10728,13,0.0,,0.0,0.0,0.0,0.0,,
MP-0309,Tubería calibre/ref 3,Tubería,6190,11,435.0,7852.0,0.0,7577.099999999999,0.0,-7142.099999999999,-14994.099999999999,14994.099999999999
MP-0341,Tornillería calibre/ref 5,Tornillería,2027,7,233.0,277.0,44.0,0.0,0.0,277.0,0.0,0.0
MP-0083,Pintura calibre/ref 14,Pintura,73001,6,492.0,1097.0,605.0,0.0,0.0,1097.0,0.0,0.0
MP-0405,Lámina calibre/ref 16,Lámina,8284,12,463.0,544.0,81.0,0.0,0.0,544.0,0.0,0.0
MP-0073,Empaque calibre/ref 3,Empaque,45806,11,489.0,9913.0,503.0,9991.7,0.0,-8999.7,-18912.7,18912.7
MP-0320,Lámina calibre/ref 38,Lámina,1174,17,571.0,654.0,45.0,0.0,38.0,654.0,0.0,0.0
MP-0124,Tubería calibre/ref 35,Tubería,29143,14,289.0,715.0,426.0,0.0,0.0,715.0,0.0,0.0
MP-0028,Tubería calibre/ref 19,Tubería,367530,19,594.0,4288.0,3694.0,0.0,0.0,4288.0,0.0,0.0
MP-0069,Tubería calibre/ref 25,Tubería,44153,12,229.0,2471.0,2242.0,0.0,0.0,2471.0,0.0,0.0
MP-0355,Lámina calibre/ref 28,Lámina,13636,5,261.0,261.0,0.0,0.0,0.0,261.0,0.0,0.0
MP-0130,Empaque calibre/ref 33,Empaque,74019,10,520.0,3906.0,3386.0,0.0,0.0,3906.0,0.0,0.0
MP-0209,Tubería calibre/ref 37,Tubería,5569,9,251.0,254.0,3.0,0.0,0.0,254.0,0.0,0.0
MP-0401,Vidrio calibre/ref 25,Vidrio,2358,11,463.0,536.0,73.0,0.0,0.0,536.0,0.0,0.0
MP-0042,Lámina calibre/ref 37,Lámina,50406,12,269.0,1394.0,1125.0,0.0,0.0,1394.0,0.0,0.0
MP-0007,Adhesivos calibre/ref 33,Adhesivos,313781,17,202.0,5133.0,4931.0,0.0,0.0,5133.0,0.0,0.0
MP-90072,Adhesivos (dup),Adhesivos,16950,13,0.0,,0.0,0.0,0.0,0.0,,
MP-0113,Adhesivos calibre/ref 5,Adhesivos,60878,7,262.0,659.0,397.0,47.0,0.0,612.0,-47.0,47.0
MP-0293,Lámina calibre/ref 15,Lámina,8453,11,424.0,7520.0,31.0,7471.0,29.0,-6987.0,-14507.0,14507.0
MP-0201,Correderas calibre/ref 16,Correderas,13444,11,447.0,447.0,0.0,0.0,0.0,447.0,0.0,0.0
MP-0096,Adhesivos calibre/ref 2,Adhesivos,51577,8,451.0,1121.0,670.0,0.0,0.0,1121.0,0.0,0.0
MP-0117,Pintura calibre/ref 22,Pintura,19690,10,487.0,7175.0,511.0,7393.1,0.0,-6395.1,-13570.1,13570.1
MP-0088,Vidrio calibre/ref 22,Vidrio,42952,5,421.0,7059.0,2145.0,8847.3,0.0,-6281.299999999999,-13340.3,13340.3
MP-0006,Lámina calibre/ref 25,Lámina,142141,15,527.0,5090.0,4556.0,0.0,7.0,5090.0,0.0,0.0
MP-0087,Pintura calibre/ref 11,Pintura,77924,8,216.0,3599.0,3383.0,0.0,0.0,3599.0,0.0,0.0
MP-0242,Empaque calibre/ref 12,Empaque,12815,13,518.0,531.0,13.0,59.0,0.0,472.0,-59.0,59.0
MP-0166,Lámina calibre/ref 28,Lámina,10838,5,457.0,457.0,0.0,0.0,0.0,457.0,0.0,0.0
MP-0371,Tubería calibre/ref 19,Tubería,4437,6,287.0,319.0,32.0,0.0,0.0,319.0,0.0,0.0
MP-90388,Correderas (dup),Correderas,4008,15,0.0,,0.0,0.0,0.0,0.0,,
MP-0169,Correderas calibre/ref 15,Correderas,1258,5,570.0,584.0,22.0,0.0,8.0,600.0,16.0,16.0
MP-0304,Correderas calibre/ref 16,Correderas,5637,16,595.0,627.0,32.0,0.0,0.0,627.0,0.0,0.0
MP-0040,Correderas calibre/ref 2,Correderas,143609,17,438.0,22979.0,22541.0,0.0,0.0,22979.0,0.0,0.0
MP-0350,Adhesivos calibre/ref 15,Adhesivos,7054,9,491.0,517.0,26.0,0.0,0.0,517.0,0.0,0.0
MP-0232,Tubería calibre/ref 14,Tubería,8859,26,497.0,7798.0,0.0,7759.3,0.0,-7262.3,-15060.3,15060.3
MP-0196,Vidrio calibre/ref 16,Vidrio,4392,9,282.0,313.0,31.0,0.0,0.0,313.0,0.0,0.0
MP-0245,Adhesivos calibre/ref 23,Adhesivos,2815,16,413.0,461.0,37.0,0.0,11.0,461.0,0.0,0.0
MP-0141,Adhesivos calibre/ref 38,Adhesivos,20387,6,450.0,2213.0,1763.0,0.0,0.0,2213.0,0.0,0.0
MP-0408,Empaque calibre/ref 36,Empaque,14786,13,569.0,569.0,0.0,0.0,0.0,569.0,0.0,0.0
MP-0099,Vidrio calibre/ref 17,Vidrio,42946,6,321.0,3702.0,3381.0,0.0,0.0,3702.0,0.0,0.0
MP-0291,Vidrio calibre/ref 23,Vidrio,13498,6,562.0,596.0,34.0,0.0,0.0,596.0,0.0,0.0
MP-0223,Tornillería calibre/ref 36,Tornillería,10102,13,219.0,240.0,21.0,0.0,0.0,240.0,0.0,0.0
MP-0205,Correderas calibre/ref 12,Correderas,2925,9,409.0,475.0,66.0,0.0,0.0,475.0,0.0,0.0
MP-0274,Tubería calibre/ref 12,Tubería,8520,8,326.0,356.0,30.0,0.0,0.0,356.0,0.0,0.0
MP-0409,Tornillería calibre/ref 29,Tornillería,13425,6,233.0,321.0,88.0,0.0,0.0,321.0,0.0,0.0
MP-0275,Tubería calibre/ref 33,Tubería,2333,13,226.0,255.0,0.0,0.0,29.0,255.0,0.0,0.0
MP-0148,Adhesivos calibre/ref 14,Adhesivos,74617,11,514.0,782.0,268.0,0.0,0.0,782.0,0.0,0.0
MP-0161,Correderas calibre/ref 21,Correderas,2495,9,365.0,3755.0,36.0,3752.9,0.0,-3351.9,-7106.9,7106.9
MP-0317,Tubería calibre/ref 13,Tubería,6640,8,600.0,654.0,54.0,0.0,0.0,654.0,0.0,0.0
MP-0383,Tornillería calibre/ref 26,Tornillería,2342,13,582.0,582.0,0.0,0.0,0.0,582.0,0.0,0.0
MP-0233,Correderas calibre/ref 11,Correderas,5273,10,539.0,547.0,8.0,0.0,0.0,547.0,0.0,0.0
MP-0358,Adhesivos calibre/ref 25,Adhesivos,10081,13,574.0,668.0,63.0,0.0,31.0,668.0,0.0,0.0
MP-0081,Adhesivos calibre/ref 17,Adhesivos,29017,10,300.0,870.0,570.0,0.0,0.0,870.0,0.0,0.0
MP-90197,Tornillería (dup),Tornillería,4142,7,0.0,,0.0,0.0,0.0,0.0,,
MP-0158,Tubería calibre/ref 32,Tubería,9120,10,412.0,475.0,63.0,0.0,0.0,475.0,0.0,0.0
MP-0140,Vidrio calibre/ref 10,Vidrio,69076,19,340.0,776.0,425.0,0.0,11.0,776.0,0.0,0.0
MP-0272,Correderas calibre/ref 39,Correderas,12300,7,563.0,586.0,0.0,1039.5,0.0,-476.5,-1062.5,1062.5
MP-0044,Vidrio calibre/ref 25,Vidrio,64011,5,530.0,3800.0,3270.0,0.0,0.0,3800.0,0.0,0.0
MP-0120,Pintura calibre/ref 2,Pintura,57256,14,474.0,7269.0,1934.0,8982.300000000001,0.0,-6574.300000000001,-13843.300000000001,13843.300000000001
MP-0269,Vidrio calibre/ref 13,Vidrio,2974,6,206.0,240.0,34.0,0.0,0.0,240.0,0.0,0.0
MP-0386,Correderas calibre/ref 22,Correderas,5157,13,553.0,8027.0,33.0,7949.7,0.0,-7363.7,-15390.7,15390.7
MP-0385,Tubería calibre/ref 28,Tubería,11740,9,226.0,2343.0,81.0,2435.8,0.0,-2128.8,-4471.8,4471.8
MP-0190,Vidrio calibre/ref 20,Vidrio,8785,5,462.0,512.0,50.0,0.0,0.0,512.0,0.0,0.0
MP-0258,Empaque calibre/ref 38,Empaque,14988,9,519.0,534.0,15.0,0.0,0.0,534.0,0.0,0.0
MP-0184,Tornillería calibre/ref 3,Tornillería,13370,8,295.0,373.0,78.0,0.0,0.0,373.0,0.0,0.0
MP-0204,Correderas calibre/ref 22,Correderas,3743,6,588.0,664.0,76.0,0.0,0.0,664.0,0.0,0.0
MP-0095,Pintura calibre/ref 39,Pintura,49436,8,332.0,1496.0,1164.0,0.0,0.0,1496.0,0.0,0.0
MP-0395,Empaque calibre/ref 21,Empaque,12818,7,386.0,439.0,53.0,0.0,0.0,439.0,0.0,0.0
MP-0079,Lámina calibre/ref 13,Lámina,61211,15,523.0,867.0,344.0,0.0,0.0,867.0,0.0,0.0
MP-0413,Empaque calibre/ref 36,Empaque,332,7,452.0,542.0,90.0,0.0,0.0,542.0,0.0,0.0
MP-0173,Tubería calibre/ref 35,Tubería,7717,9,576.0,633.0,57.0,0.0,0.0,633.0,0.0,0.0
MP-90390,Tornillería (dup),Tornillería,15622,13,0.0,,0.0,0.0,0.0,0.0,,
MP-0302,Tubería calibre/ref 29,Tubería,4885,29,489.0,556.0,67.0,0.0,0.0,556.0,0.0,0.0
MP-0237,Correderas calibre/ref 14,Correderas,2056,11,553.0,558.0,5.0,0.0,0.0,558.0,0.0,0.0
MP-90183,Tubería (dup),Tubería,14062,15,0.0,,0.0,0.0,0.0,0.0,,
MP-0326,Vidrio calibre/ref 25,Vidrio,913,7,478.0,538.0,60.0,0.0,0.0,538.0,0.0,0.0
MP-0346,Correderas calibre/ref 37,Correderas,8492,14,300.0,313.0,13.0,0.0,0.0,313.0,0.0,0.0
MP-0189,Lámina calibre/ref 34,Lámina,5058,16,402.0,7197.0,53.0,6797.2,0.0,-6342.2,-13539.2,13539.2
MP-0168,Adhesivos calibre/ref 15,Adhesivos,2412,10,215.0,250.0,35.0,0.0,0.0,250.0,0.0,0.0
MP-0153,Correderas calibre/ref 31,Correderas,14614,9,245.0,5934.0,43.0,5784.0,0.0,-5496.0,-11430.0,11430.0
MP-0314,Vidrio calibre/ref 30,Vidrio,3975,9,254.0,315.0,61.0,0.0,0.0,315.0,0.0,0.0
MP-0267,Tubería calibre/ref 24,Tubería,7722,11,395.0,407.0,12.0,0.0,0.0,407.0,0.0,0.0
MP-0186,Empaque calibre/ref 10,Empaque,14860,16,539.0,587.0,48.0,0.0,0.0,587.0,0.0,0.0
MP-0261,Vidrio calibre/ref 11,Vidrio,4365,7,301.0,380.0,39.0,0.0,40.0,380.0,0.0,0.0
MP-0194,Pintura calibre/ref 9,Pintura,7578,13,273.0,273.0,0.0,0.0,0.0,273.0,0.0,0.0
MP-90370,Tubería (dup),Tubería,15454,15,0.0,,0.0,0.0,0.0,0.0,,
MP-0072,Adhesivos calibre/ref 35,Adhesivos,15680,13,430.0,430.0,0.0,0.0,0.0,430.0,0.0,0.0
MP-0419,Correderas calibre/ref 5,Correderas,10429,9,361.0,386.0,25.0,0.0,0.0,386.0,0.0,0.0
MP-0039,Tubería calibre/ref 24,Tubería,395252,35,374.0,6311.0,7246.0,1232.3,0.0,6387.7,76.69999999999982,76.69999999999982
MP-0230,Correderas calibre/ref 26,Correderas,11714,8,493.0,515.0,22.0,0.0,0.0,515.0,0.0,0.0
MP-0316,Tubería calibre/ref 40,Tubería,10502,11,451.0,451.0,0.0,0.0,0.0,451.0,0.0,0.0
MP-0046,Pintura calibre/ref 27,Pintura,36673,16,319.0,1789.0,1470.0,0.0,0.0,1789.0,0.0,0.0
MP-0286,Vidrio calibre/ref 2,Vidrio,8518,7,546.0,626.0,80.0,0.0,0.0,626.0,0.0,0.0
MP-0397,Empaque calibre/ref 20,Empaque,8205,6,366.0,424.0,58.0,0.0,0.0,424.0,0.0,0.0
MP-90137,Vidrio (dup),Vidrio,41373,6,0.0,,0.0,0.0,0.0,0.0,,
MP-0054,Correderas calibre/ref 17,Correderas,52942,6,569.0,2214.0,1645.0,0.0,0.0,2214.0,0.0,0.0
MP-0262,Correderas calibre/ref 27,Correderas,10446,8,526.0,539.0,13.0,0.0,0.0,539.0,0.0,0.0
MP-0115,Lámina calibre/ref 39,Lámina,26639,19,600.0,1126.0,526.0,0.0,0.0,1126.0,0.0,0.0
MP-0180,Empaque calibre/ref 28,Empaque,6718,13,502.0,542.0,40.0,33.0,0.0,509.0,-33.0,33.0
MP-0155,Tornillería calibre/ref 15,Tornillería,14126,8,308.0,362.0,54.0,0.0,0.0,362.0,0.0,0.0
MP-0394,Vidrio calibre/ref 15,Vidrio,1688,6,497.0,506.0,9.0,0.0,0.0,506.0,0.0,0.0
MP-0266,Pintura calibre/ref 19,Pintura,8009,23,356.0,399.0,43.0,0.0,0.0,399.0,0.0,0.0
MP-0229,Empaque calibre/ref 9,Empaque,7426,16,384.0,13389.0,76.0,12847.0,19.0,-12368.0,-25757.0,25757.0
MP-0068,Empaque calibre/ref 40,Empaque,33602,9,553.0,960.0,407.0,0.0,0.0,960.0,0.0,0.0
MP-0251,Lámina calibre/ref 15,Lámina,11276,10,297.0,342.0,45.0,0.0,0.0,342.0,0.0,0.0
MP-0318,Correderas calibre/ref 26,Correderas,13277,14,552.0,735.0,190.0,0.0,7.0,749.0,14.0,14.0
MP-0411,Correderas calibre/ref 9,Correderas,2329,14,376.0,7428.0,34.0,7333.1,0.0,-6923.1,-14351.1,14351.1
MP-0289,Adhesivos calibre/ref 9,Adhesivos,10185,13,219.0,249.0,30.0,31.0,0.0,218.0,-31.0,31.0
MP-0225,Empaque calibre/ref 17,Empaque,7878,5,328.0,328.0,0.0,0.0,0.0,328.0,0.0,0.0
MP-0076,Tornillería calibre/ref 19,Tornillería,29459,17,334.0,10362.0,304.0,9945.9,0.0,-9307.9,-19669.9,19669.9
MP-0277,Empaque calibre/ref 37,Empaque,1976,11,439.0,497.0,22.0,0.0,36.0,497.0,0.0,0.0
MP-0345,Lámina calibre/ref 26,Lámina,14371,6,313.0,479.0,166.0,0.0,0.0,479.0,0.0,0.0
MP-0363,Adhesivos calibre/ref 33,Adhesivos,8678,21,279.0,326.0,47.0,11.0,0.0,315.0,-11.0,11.0
MP-0022,Correderas calibre/ref 1,Correderas,173118,13,226.0,7158.0,21994.0,13591.4,0.0,8628.6,1470.6000000000004,1470.6000000000004
MP-0279,Adhesivos calibre/ref 6,Adhesivos,1287,14,584.0,628.0,43.0,0.0,1.0,628.0,0.0,0.0
MP-0025,Vidrio calibre/ref 34,Vidrio,216530,19,497.0,7670.0,7173.0,0.0,0.0,7670.0,0.0,0.0
MP-0082,Tornillería calibre/ref 15,Tornillería,23972,7,573.0,979.0,406.0,0.0,0.0,979.0,0.0,0.0
MP-0089,Lámina calibre/ref 24,Lámina,56054,9,327.0,3861.0,3534.0,0.0,0.0,3861.0,0.0,0.0
MP-0199,Empaque calibre/ref 36,Empaque,13941,19,422.0,8800.0,50.0,8544.6,0.0,-8072.6,-16872.6,16872.6
MP-0392,Vidrio calibre/ref 34,Vidrio,1025,9,379.0,465.0,86.0,0.0,0.0,465.0,0.0,0.0
MP-0374,Pintura calibre/ref 11,Pintura,2099,5,285.0,308.0,23.0,0.0,0.0,308.0,0.0,0.0
MP-90018,Adhesivos (dup),Adhesivos,104040,11,0.0,,0.0,0.0,0.0,0.0,,
MP-0406,Tubería calibre/ref 27,Tubería,1249,16,577.0,577.0,0.0,0.0,0.0,577.0,0.0,0.0
MP-0063,Adhesivos calibre/ref 37,Adhesivos,30966,12,477.0,814.0,337.0,0.0,0.0,814.0,0.0,0.0
MP-0299,Empaque calibre/ref 10,Empaque,7144,7,380.0,8751.0,0.0,8409.4,0.0,-8029.4,-16780.4,16780.4
MP-0339,Adhesivos calibre/ref 25,Adhesivos,4192,7,578.0,1574.0,36.0,2009.9,0.0,-1395.9,-2969.9,2969.9
MP-0019,Vidrio calibre/ref 29,Vidrio,81958,17,445.0,7415.0,2936.0,9984.0,0.0,-6603.0,-14018.0,14018.0
MP-0182,Vidrio calibre/ref 13,Vidrio,7457,13,392.0,14917.0,13.0,14431.2,0.0,-14026.2,-28943.2,28943.2
MP-0128,Pintura calibre/ref 15,Pintura,56497,8,502.0,13922.0,2701.0,15592.3,0.0,-12389.3,-26311.3,26311.3
MP-0390,Tornillería calibre/ref 11,Tornillería,13936,13,326.0,3073.0,56.0,3164.2,0.0,-2782.2,-5855.2,5855.2
MP-0093,Adhesivos calibre/ref 7,Adhesivos,67888,14,547.0,2392.0,1845.0,0.0,0.0,2392.0,0.0,0.0
MP-0202,Pintura calibre/ref 34,Pintura,2983,15,288.0,13234.0,17.0,12376.5,0.0,-12071.5,-25305.5,25305.5
MP-0373,Tornillería calibre/ref 19,Tornillería,13149,10,227.0,18018.0,57.0,16877.4,0.0,-16593.4,-34611.4,34611.4
MP-90091,Tubería (dup),Tubería,80087,11,0.0,,0.0,0.0,0.0,0.0,,
MP-0263,Tubería calibre/ref 33,Tubería,4802,6,413.0,445.0,32.0,0.0,0.0,445.0,0.0,0.0
MP-0255,Tornillería calibre/ref 6,Tornillería,7693,13,408.0,408.0,0.0,0.0,0.0,408.0,0.0,0.0
MP-0143,Pintura calibre/ref 19,Pintura,78410,11,594.0,9964.0,207.0,9828.6,0.0,-9027.6,-18991.6,18991.6
MP-0312,Vidrio calibre/ref 7,Vidrio,7466,12,501.0,504.0,3.0,0.0,0.0,504.0,0.0,0.0
MP-0104,Tubería calibre/ref 14,Tubería,71159,13,334.0,592.0,258.0,0.0,0.0,592.0,0.0,0.0
MP-0014,Vidrio calibre/ref 37,Vidrio,234603,9,514.0,11404.0,20838.0,9293.7,0.0,12058.3,654.2999999999993,654.2999999999993
MP-0307,Pintura calibre/ref 23,Pintura,2975,6,565.0,594.0,29.0,0.0,0.0,594.0,0.0,0.0
MP-0178,Vidrio calibre/ref 15,Vidrio,7406,8,235.0,2689.0,13.0,2758.5,0.0,-2510.5,-5199.5,5199.5
MP-0037,Pintura calibre/ref 28,Pintura,101283,13,246.0,2094.0,6686.0,8830.4,0.0,-1898.3999999999996,-3992.3999999999996,3992.3999999999996
MP-0100,Pintura calibre/ref 33,Pintura,61699,8,238.0,1978.0,1740.0,0.0,0.0,1978.0,0.0,0.0
MP-90038,Adhesivos (dup),Adhesivos,339193,18,0.0,,0.0,0.0,0.0,0.0,,
MP-0420,Adhesivos calibre/ref 30,Adhesivos,13429,7,354.0,383.0,29.0,0.0,0.0,383.0,0.0,0.0
MP-0398,Correderas calibre/ref 39,Correderas,653,18,461.0,431.0,0.0,0.0,30.0,491.0,60.0,60.0
MP-0240,Correderas calibre/ref 20,Correderas,6284,10,574.0,561.0,18.0,0.0,31.0,623.0,62.0,62.0
MP-0248,Tornillería calibre/ref 23,Tornillería,860,6,253.0,317.0,97.0,0.0,33.0,383.0,66.0,66.0
MP-0105,Lámina calibre/ref 21,Lámina,56750,11,491.0,797.0,306.0,0.0,0.0,797.0,0.0,0.0
MP-90157,Tornillería (dup),Tornillería,2888,6,0.0,,0.0,0.0,0.0,0.0,,
MP-0035,Empaque calibre/ref 39,Empaque,391712,17,217.0,25386.0,25169.0,0.0,0.0,25386.0,0.0,0.0
MP-0031,Pintura calibre/ref 18,Pintura,324073,13,446.0,4815.0,4369.0,0.0,0.0,4815.0,0.0,0.0
MP-0018,Adhesivos calibre/ref 8,Adhesivos,91904,11,252.0,23824.0,25111.0,1363.8,37.0,24036.2,212.20000000000073,212.20000000000073
MP-0271,Vidrio calibre/ref 17,Vidrio,6198,10,465.0,545.0,80.0,0.0,0.0,545.0,0.0,0.0
MP-0361,Tubería calibre/ref 32,Tubería,1316,17,359.0,359.0,0.0,0.0,0.0,359.0,0.0,0.0
MP-0150,Correderas calibre/ref 9,Correderas,40425,10,450.0,8018.0,360.0,8082.3,0.0,-7272.3,-15290.3,15290.3
MP-0295,Pintura calibre/ref 28,Pintura,12068,9,265.0,305.0,40.0,0.0,0.0,305.0,0.0,0.0
MP-0047,Correderas calibre/ref 20,Correderas,60848,12,302.0,3761.0,1199.0,4973.7,0.0,-3472.7,-7233.7,7233.7
MP-0116,Pintura calibre/ref 38,Pintura,49643,9,427.0,3804.0,326.0,4302.1,0.0,-3549.1000000000004,-7353.1,7353.1
MP-0084,Adhesivos calibre/ref 1,Adhesivos,26907,7,283.0,3795.0,3512.0,0.0,0.0,3795.0,0.0,0.0
MP-90185,Tornillería (dup),Tornillería,13693,9,0.0,,0.0,0.0,0.0,0.0,,
MP-0045,Correderas calibre/ref 3,Correderas,62696,6,267.0,996.0,2630.0,3521.2,0.0,-624.1999999999998,-1620.1999999999998,1620.1999999999998
MP-0372,Pintura calibre/ref 3,Pintura,7801,7,339.0,339.0,0.0,0.0,0.0,339.0,0.0,0.0
MP-0310,Pintura calibre/ref 7,Pintura,11146,12,580.0,545.0,0.0,0.0,35.0,615.0,70.0,70.0
MP-0136,Tubería calibre/ref 19,Tubería,50144,24,481.0,5854.0,1142.0,6412.5,0.0,-4789.5,-10643.5,10643.5
MP-0011,Adhesivos calibre/ref 36,Adhesivos,356026,20,221.0,24581.0,24360.0,0.0,0.0,24581.0,0.0,0.0
MP-90127,Pintura (dup),Pintura,19690,8,0.0,,0.0,0.0,0.0,0.0,,
MP-0211,Empaque calibre/ref 29,Empaque,5707,16,271.0,4509.0,36.0,4351.7,0.0,-4044.7,-8553.7,8553.7
MP-0283,Empaque calibre/ref 40,Empaque,10720,8,594.0,647.0,53.0,0.0,0.0,647.0,0.0,0.0
MP-0074,Empaque calibre/ref 27,Empaque,57757,6,487.0,4438.0,2377.0,6578.7,0.0,-3714.7,-8152.7,8152.7
MP-0249,Vidrio calibre/ref 19,Vidrio,13337,38,463.0,463.0,0.0,0.0,0.0,463.0,0.0,0.0
MP-0177,Pintura calibre/ref 4,Pintura,929,8,427.0,486.0,59.0,0.0,0.0,486.0,0.0,0.0
MP-0015,Empaque calibre/ref 15,Empaque,151416,15,492.0,5.0,5701.0,5745.1,36.0,483.89999999999964,478.89999999999964,478.89999999999964
MP-0235,Empaque calibre/ref 3,Empaque,6681,6,254.0,264.0,10.0,0.0,0.0,264.0,0.0,0.0
MP-0418,Pintura calibre/ref 21,Pintura,14607,8,263.0,7354.0,73.0,7292.1,0.0,-6956.1,-14310.1,14310.1
MP-0227,Vidrio calibre/ref 28,Vidrio,2521,13,408.0,4225.0,72.0,4284.1,0.0,-3804.1000000000004,-8029.1,8029.1
MP-0315,Tornillería calibre/ref 19,Tornillería,447,7,361.0,515.0,154.0,0.0,0.0,515.0,0.0,0.0
MP-0026,Empaque calibre/ref 21,Empaque,393154,11,449.0,3993.0,10224.0,5911.2,0.0,4761.8,768.8000000000002,768.8000000000002
MP-0359,Tubería calibre/ref 1,Tubería,13436,11,387.0,398.0,11.0,0.0,0.0,398.0,0.0,0.0
MP-0041,Empaque calibre/ref 15,Empaque,33775,9,305.0,557.0,252.0,0.0,0.0,557.0,0.0,0.0
MP-0403,Vidrio calibre/ref 10,Vidrio,7247,7,486.0,564.0,78.0,0.0,0.0,564.0,0.0,0.0
MP-0224,Pintura calibre/ref 3,Pintura,14481,13,595.0,689.0,94.0,0.0,0.0,689.0,0.0,0.0
MP-0290,Tubería calibre/ref 40,Tubería,14877,14,490.0,490.0,0.0,0.0,0.0,490.0,0.0,0.0
MP-0165,Lámina calibre/ref 3,Lámina,14129,9,356.0,416.0,60.0,0.0,0.0,416.0,0.0,0.0
MP-0023,Adhesivos calibre/ref 3,Adhesivos,120113,16,477.0,31781.0,31304.0,0.0,0.0,31781.0,0.0,0.0
MP-0388,Correderas calibre/ref 1,Correderas,3807,15,259.0,7582.0,0.0,7258.3,0.0,-6999.3,-14581.3,14581.3
MP-0218,Pintura calibre/ref 24,Pintura,10287,6,224.0,415.0,191.0,0.0,0.0,415.0,0.0,0.0
MP-0259,Tubería calibre/ref 17,Tubería,1924,13,397.0,416.0,19.0,0.0,0.0,416.0,0.0,0.0
MP-0305,Lámina calibre/ref 30,Lámina,4165,12,419.0,434.0,15.0,0.0,0.0,434.0,0.0,0.0
MP-0382,Adhesivos calibre/ref 5,Adhesivos,12199,7,207.0,207.0,0.0,0.0,0.0,207.0,0.0,0.0
MP-0038,Adhesivos calibre/ref 34,Adhesivos,307900,18,595.0,8337.0,7742.0,0.0,0.0,8337.0,0.0,0.0
MP-0313,Tubería calibre/ref 38,Tubería,12338,7,248.0,459.0,199.0,0.0,12.0,459.0,0.0,0.0
MP-0246,Empaque calibre/ref 37,Empaque,10117,13,499.0,499.0,0.0,0.0,0.0,499.0,0.0,0.0
MP-0048,Lámina calibre/ref 18,Lámina,15566,8,368.0,2596.0,2228.0,0.0,0.0,2596.0,0.0,0.0
MP-0101,Correderas calibre/ref 14,Correderas,70351,7,373.0,8182.0,903.0,8436.6,0.0,-7160.6,-15342.6,15342.6
MP-0075,Tubería calibre/ref 3,Tubería,30143,6,399.0,845.0,446.0,0.0,0.0,845.0,0.0,0.0
MP-0300,Adhesivos calibre/ref 39,Adhesivos,6323,10,421.0,515.0,94.0,0.0,0.0,515.0,0.0,0.0
MP-0331,Adhesivos calibre/ref 13,Adhesivos,14953,6,250.0,288.0,23.0,0.0,15.0,288.0,0.0,0.0
MP-0106,Correderas calibre/ref 37,Correderas,22268,10,584.0,2552.0,2064.0,4939.400000000001,0.0,-2291.4000000000005,-4843.400000000001,4843.400000000001
MP-0287,Lámina calibre/ref 3,Lámina,13398,10,226.0,280.0,62.0,0.0,8.0,296.0,16.0,16.0
MP-0191,Correderas calibre/ref 34,Correderas,12700,13,400.0,430.0,30.0,0.0,0.0,430.0,0.0,0.0
MP-0004,Vidrio calibre/ref 33,Vidrio,385136,12,200.0,3229.0,9976.0,6436.7,80.0,3819.3,590.3000000000002,590.3000000000002
MP-0172,Correderas calibre/ref 21,Correderas,11722,11,352.0,356.0,4.0,0.0,0.0,356.0,0.0,0.0
MP-0329,Vidrio calibre/ref 2,Vidrio,4253,12,441.0,441.0,0.0,0.0,0.0,441.0,0.0,0.0
MP-0351,Tubería calibre/ref 15,Tubería,11483,14,594.0,606.0,12.0,0.0,0.0,606.0,0.0,0.0
MP-0005,Adhesivos calibre/ref 2,Adhesivos,141286,14,277.0,9902.0,19544.0,9130.2,0.0,10690.8,788.7999999999993,788.7999999999993
MP-0078,Pintura calibre/ref 14,Pintura,56933,36,395.0,9304.0,279.0,8900.6,0.0,-8226.6,-17530.6,17530.6
MP-0396,Lámina calibre/ref 35,Lámina,4858,13,387.0,387.0,0.0,0.0,0.0,387.0,0.0,0.0
MP-0234,Vidrio calibre/ref 13,Vidrio,13458,11,365.0,411.0,46.0,0.0,0.0,411.0,0.0,0.0
MP-0057,Tornillería calibre/ref 18,Tornillería,65040,8,564.0,4182.0,3618.0,0.0,0.0,4182.0,0.0,0.0
MP-0033,Pintura calibre/ref 16,Pintura,157770,16,247.0,30588.0,36494.0,5787.6,13.0,30966.4,378.40000000000146,378.40000000000146
MP-0017,Correderas calibre/ref 12,Correderas,165823,22,521.0,33033.0,32512.0,0.0,0.0,33033.0,0.0,0.0
MP-0126,Vidrio calibre/ref 16,Vidrio,42475,13,306.0,1443.0,1134.0,0.0,3.0,1443.0,0.0,0.0
MP-0321,Tornillería calibre/ref 25,Tornillería,14487,11,491.0,4390.0,0.0,4371.6,0.0,-3880.6000000000004,-8270.6,8270.6
MP-0174,Adhesivos calibre/ref 40,Adhesivos,13913,10,482.0,516.0,34.0,25.0,0.0,491.0,-25.0,25.0
MP-0222,Tubería calibre/ref 3,Tubería,1810,15,560.0,635.0,75.0,0.0,0.0,635.0,0.0,0.0
MP-0102,Vidrio calibre/ref 26,Vidrio,15942,20,218.0,10231.0,1110.0,10298.9,0.0,-8970.9,-19201.9,19201.9
MP-0369,Correderas calibre/ref 12,Correderas,8062,14,249.0,10970.0,46.0,10580.4,0.0,-10285.4,-21255.4,21255.4
MP-0349,Empaque calibre/ref 23,Empaque,3496,12,478.0,496.0,18.0,0.0,0.0,496.0,0.0,0.0
MP-0066,Pintura calibre/ref 18,Pintura,21206,12,507.0,2202.0,1695.0,0.0,0.0,2202.0,0.0,0.0
MP-0241,Adhesivos calibre/ref 30,Adhesivos,6469,12,442.0,512.0,70.0,0.0,0.0,512.0,0.0,0.0
MP-0123,Tubería calibre/ref 14,Tubería,29806,23,508.0,1208.0,700.0,0.0,0.0,1208.0,0.0,0.0
MP-0357,Correderas calibre/ref 28,Correderas,6420,12,434.0,8503.0,50.0,8527.0,0.0,-8043.0,-16546.0,16546.0
MP-0239,Pintura calibre/ref 32,Pintura,10488,15,271.0,3452.0,77.0,3633.7000000000003,0.0,-3285.7000000000003,-6737.700000000001,6737.700000000001
MP-0154,Adhesivos calibre/ref 5,Adhesivos,14258,16,327.0,331.0,14.0,0.0,10.0,351.0,20.0,20.0
MP-0152,Tubería calibre/ref 6,Tubería,10764,25,491.0,560.0,69.0,33.0,0.0,527.0,-33.0,33.0
MP-90206,Adhesivos (dup),Adhesivos,15129,13,0.0,,0.0,0.0,0.0,0.0,,
MP-0220,Tubería calibre/ref 13,Tubería,1498,6,565.0,588.0,23.0,0.0,0.0,588.0,0.0,0.0
MP-0092,Pintura calibre/ref 37,Pintura,22184,23,467.0,1900.0,1433.0,0.0,0.0,1900.0,0.0,0.0
MP-0297,Tornillería calibre/ref 7,Tornillería,7673,25,401.0,424.0,23.0,0.0,0.0,424.0,0.0,0.0
MP-0118,Vidrio calibre/ref 21,Vidrio,71465,5,473.0,6666.0,2659.0,9178.6,0.0,-6046.6,-12712.6,12712.6
MP-0060,Correderas calibre/ref 39,Correderas,33628,17,572.0,6160.0,573.0,6658.0,0.0,-5513.0,-11673.0,11673.0
MP-0404,Correderas calibre/ref 5,Correderas,5831,10,555.0,573.0,0.0,0.0,62.0,617.0,44.0,44.0
MP-0114,Tornillería calibre/ref 15,Tornillería,34343,7,258.0,1473.0,1030.0,2533.0,4.0,-1241.0,-2714.0,2714.0
MP-0129,Correderas calibre/ref 12,Correderas,38308,12,593.0,6862.0,1239.0,7704.0,0.0,-5872.0,-12734.0,12734.0
MP-0036,Tubería calibre/ref 20,Tubería,339654,11,420.0,898.0,3711.0,4460.7,0.0,-329.6999999999998,-1227.6999999999998,1227.6999999999998
MP-0334,Tornillería calibre/ref 3,Tornillería,9561,11,229.0,277.0,48.0,0.0,0.0,277.0,0.0,0.0
MP-0214,Tubería calibre/ref 5,Tubería,5690,7,214.0,252.0,38.0,0.0,0.0,252.0,0.0,0.0
MP-0059,Lámina calibre/ref 34,Lámina,34481,10,487.0,3855.0,1807.0,5681.9,0.0,-3387.8999999999996,-7242.9,7242.9
MP-0043,Vidrio calibre/ref 37,Vidrio,79081,11,287.0,4391.0,910.0,4884.2,9.0,-3678.2,-8069.2,8069.2
MP-0003,Tornillería calibre/ref 31,Tornillería,178655,14,307.0,4629.0,4322.0,0.0,0.0,4629.0,0.0,0.0
MP-0056,Adhesivos calibre/ref 8,Adhesivos,18750,7,227.0,1013.0,786.0,0.0,0.0,1013.0,0.0,0.0
MP-0247,Pintura calibre/ref 15,Pintura,3903,32,581.0,617.0,36.0,0.0,0.0,617.0,0.0,0.0
MP-0055,Tornillería calibre/ref 27,Tornillería,43990,13,435.0,2170.0,1735.0,0.0,0.0,2170.0,0.0,0.0
MP-0270,Tornillería calibre/ref 8,Tornillería,5780,8,529.0,543.0,14.0,0.0,0.0,543.0,0.0,0.0
MP-0151,Lámina calibre/ref 34,Lámina,14596,12,522.0,499.0,0.0,0.0,23.0,545.0,46.0,46.0
MP-0284,Pintura calibre/ref 19,Pintura,4906,9,584.0,584.0,0.0,0.0,0.0,584.0,0.0,0.0
MP-0108,Adhesivos calibre/ref 17,Adhesivos,25925,12,226.0,8600.0,754.0,8671.4,0.0,-7691.4,-16291.4,16291.4
MP-0399,Correderas calibre/ref 26,Correderas,5285,14,201.0,257.0,56.0,0.0,0.0,257.0,0.0,0.0
MP-0356,Tornillería calibre/ref 38,Tornillería,9738,22,383.0,6159.0,0.0,6051.9,18.0,-5650.9,-11809.9,11809.9
MP-0231,Vidrio calibre/ref 19,Vidrio,13541,14,335.0,372.0,37.0,0.0,0.0,372.0,0.0,0.0
MP-0090,Correderas calibre/ref 35,Correderas,48252,22,556.0,2502.0,1946.0,0.0,0.0,2502.0,0.0,0.0
MP-0336,Tornillería calibre/ref 24,Tornillería,10058,10,565.0,593.0,28.0,0.0,0.0,593.0,0.0,0.0
MP-0381,Correderas calibre/ref 25,Correderas,3956,10,303.0,309.0,0.0,0.0,6.0,309.0,0.0,0.0
MP-0032,Pintura calibre/ref 22,Pintura,196328,12,224.0,41404.0,43746.0,2325.5,0.0,41644.5,240.5,240.5
MP-0343,Correderas calibre/ref 18,Correderas,11205,11,260.0,10563.0,14.0,9716.3,0.0,-9442.3,-20005.3,20005.3
MP-0344,Tornillería calibre/ref 2,Tornillería,6342,21,432.0,10495.0,2.0,9703.9,15.0,-9254.9,-19749.9,19749.9
MP-0139,Lámina calibre/ref 25,Lámina,22444,9,233.0,9616.0,394.0,9693.0,0.0,-9066.0,-18682.0,18682.0
MP-0029,Empaque calibre/ref 36,Empaque,310652,14,449.0,16351.0,15902.0,0.0,0.0,16351.0,0.0,0.0
MP-0254,Lámina calibre/ref 18,Lámina,8919,12,464.0,10607.0,63.0,10147.300000000001,0.0,-9620.300000000001,-20227.300000000003,20227.300000000003
MP-0384,Correderas calibre/ref 33,Correderas,14848,14,525.0,525.0,0.0,0.0,0.0,525.0,0.0,0.0
MP-0228,Adhesivos calibre/ref 29,Adhesivos,3210,8,272.0,283.0,11.0,0.0,0.0,283.0,0.0,0.0
MP-0213,Vidrio calibre/ref 15,Vidrio,13735,16,279.0,296.0,17.0,0.0,0.0,296.0,0.0,0.0
MP-0342,Adhesivos calibre/ref 8,Adhesivos,973,9,371.0,371.0,0.0,0.0,0.0,371.0,0.0,0.0
MP-0013,Adhesivos calibre/ref 1,Adhesivos,361794,18,279.0,660.0,6963.0,7132.0,0.0,110.0,-550.0,550.0
MP-0216,Empaque calibre/ref 28,Empaque,12449,12,230.0,8747.0,94.0,8062.5,0.0,-7738.5,-16485.5,16485.5
MP-0256,Pintura calibre/ref 23,Pintura,1070,5,294.0,294.0,0.0,0.0,0.0,294.0,0.0,0.0
MP-0303,Vidrio calibre/ref 6,Vidrio,8849,10,283.0,283.0,0.0,0.0,0.0,283.0,0.0,0.0
MP-0319,Lámina calibre/ref 38,Lámina,6387,12,278.0,313.0,35.0,0.0,0.0,313.0,0.0,0.0
MP-0264,Tornillería calibre/ref 10,Tornillería,13222,6,273.0,273.0,0.0,0.0,0.0,273.0,0.0,0.0
MP-0002,Adhesivos calibre/ref 23,Adhesivos,98702,23,419.0,19257.0,25148.0,6012.4,0.0,19554.6,297.59999999999854,297.59999999999854
MP-0175,Vidrio calibre/ref 36,Vidrio,7539,18,247.0,247.0,0.0,0.0,0.0,247.0,0.0,0.0
MP-0221,Tornillería calibre/ref 9,Tornillería,3107,15,367.0,476.0,109.0,0.0,0.0,476.0,0.0,0.0
MP-0163,Tornillería calibre/ref 21,Tornillería,6781,12,407.0,476.0,69.0,0.0,0.0,476.0,0.0,0.0
MP-0159,Pintura calibre/ref 5,Pintura,4449,12,453.0,519.0,66.0,0.0,0.0,519.0,0.0,0.0
MP-0058,Empaque calibre/ref 13,Empaque,64400,6,533.0,3670.0,3137.0,0.0,0.0,3670.0,0.0,0.0
MP-0335,Correderas calibre/ref 16,Correderas,6995,8,237.0,270.0,33.0,0.0,0.0,270.0,0.0,0.0
MP-0260,Tornillería calibre/ref 38,Tornillería,3134,17,553.0,633.0,51.0,0.0,29.0,633.0,0.0,0.0
MP-0049,Tubería calibre/ref 22,Tubería,27515,13,555.0,678.0,123.0,0.0,0.0,678.0,0.0,0.0
MP-0347,Correderas calibre/ref 37,Correderas,7263,7,537.0,537.0,0.0,0.0,0.0,537.0,0.0,0.0
MP-0370,Tubería calibre/ref 21,Tubería,13919,15,327.0,1969.0,65.0,2121.3,0.0,-1729.3000000000002,-3698.3,3698.3
MP-0416,Adhesivos calibre/ref 8,Adhesivos,13658,13,597.0,646.0,49.0,0.0,0.0,646.0,0.0,0.0
MP-0352,Tubería calibre/ref 27,Tubería,1179,9,275.0,275.0,0.0,0.0,0.0,275.0,0.0,0.0
MP-0183,Tubería calibre/ref 20,Tubería,12482,15,519.0,560.0,15.0,0.0,26.0,560.0,0.0,0.0
MP-0252,Correderas calibre/ref 9,Correderas,8477,13,340.0,340.0,0.0,0.0,0.0,340.0,0.0,0.0
MP-0162,Pintura calibre/ref 30,Pintura,6439,12,440.0,923.0,19.0,1294.2,0.0,-835.2,-1758.2,1758.2
MP-0212,Adhesivos calibre/ref 28,Adhesivos,14895,10,296.0,294.0,0.0,0.0,2.0,298.0,4.0,4.0
MP-0009,Empaque calibre/ref 27,Empaque,256746,18,225.0,12257.0,19990.0,7336.7,0.0,12878.3,621.2999999999993,621.2999999999993
MP-0273,Pintura calibre/ref 24,Pintura,9058,8,554.0,11802.0,2.0,10964.7,0.0,-10408.7,-22210.7,22210.7
MP-0127,Pintura calibre/ref 17,Pintura,17887,14,465.0,1406.0,941.0,0.0,0.0,1406.0,0.0,0.0
MP-0250,Correderas calibre/ref 9,Correderas,12978,15,204.0,198.0,16.0,0.0,22.0,242.0,44.0,44.0
MP-0119,Tubería calibre/ref 23,Tubería,55990,10,576.0,830.0,254.0,0.0,0.0,830.0,0.0,0.0
MP-0160,Correderas calibre/ref 31,Correderas,6056,12,264.0,294.0,30.0,0.0,0.0,294.0,0.0,0.0
MP-0107,Lámina calibre/ref 39,Lámina,69513,14,461.0,1178.0,717.0,0.0,0.0,1178.0,0.0,0.0
MP-0050,Pintura calibre/ref 32,Pintura,63500,6,238.0,4473.0,4235.0,0.0,0.0,4473.0,0.0,0.0
MP-0149,Tubería calibre/ref 15,Tubería,32103,5,245.0,14574.0,883.0,14713.3,17.0,-13568.3,-28142.3,28142.3
MP-0362,Tubería calibre/ref 26,Tubería,10899,8,333.0,388.0,55.0,0.0,0.0,388.0,0.0,0.0
MP-0354,Tornillería calibre/ref 38,Tornillería,11160,5,533.0,547.0,14.0,0.0,0.0,547.0,0.0,0.0
MP-0376,Tornillería calibre/ref 37,Tornillería,4456,15,537.0,614.0,77.0,0.0,0.0,614.0,0.0,0.0
MP-0146,Lámina calibre/ref 23,Lámina,31220,6,435.0,2745.0,2310.0,0.0,0.0,2745.0,0.0,0.0
MP-0333,Tornillería calibre/ref 2,Tornillería,13687,7,527.0,563.0,36.0,0.0,0.0,563.0,0.0,0.0
MP-0122,Pintura calibre/ref 13,Pintura,31481,5,448.0,6542.0,86.0,6477.8,0.0,-5943.8,-12485.8,12485.8
MP-90337,Tornillería (dup),Tornillería,3467,5,0.0,,0.0,0.0,0.0,0.0,,
MP-0412,Tornillería calibre/ref 3,Tornillería,1187,10,442.0,455.0,13.0,0.0,0.0,455.0,0.0,0.0
MP-0378,Tubería calibre/ref 25,Tubería,6961,8,566.0,652.0,86.0,0.0,0.0,652.0,0.0,0.0
MP-0285,Pintura calibre/ref 15,Pintura,11740,17,420.0,462.0,42.0,0.0,0.0,462.0,0.0,0.0
MP-0016,Adhesivos calibre/ref 24,Adhesivos,142723,15,250.0,6382.0,9320.0,15129.800000000001,29.0,-5530.800000000001,-11912.800000000001,11912.800000000001
MP-0133,Tornillería calibre/ref 9,Tornillería,24738,9,448.0,9619.0,695.0,9594.6,0.0,-8451.6,-18070.6,18070.6
MP-0323,Adhesivos calibre/ref 14,Adhesivos,1501,12,268.0,288.0,20.0,0.0,0.0,288.0,0.0,0.0
MP-0244,Pintura calibre/ref 37,Pintura,6572,16,386.0,5491.0,55.0,5596.5,0.0,-5155.5,-10646.5,10646.5
MP-0052,Vidrio calibre/ref 30,Vidrio,35381,11,351.0,439.0,88.0,0.0,0.0,439.0,0.0,0.0
MP-0375,Adhesivos calibre/ref 31,Adhesivos,2599,9,528.0,528.0,0.0,0.0,0.0,528.0,0.0,0.0
