sku,descripcion,categoria,costo_unitario,consumo_planeado,demanda_anual,valor_consumo_anual,valor_acumulado,pct_valor_acumulado,pct_sku_acumulado,clasificacion_abc
MP-0008,Correderas calibre/ref 39,Correderas,310890,16768.66,9582.091428571428,2978976404.2285714,2978976404.2285714,7.610697620291126,0.22727272727272727,A
MP-0024,Vidrio calibre/ref 33,Vidrio,223650,19792.93,11310.245714285715,2529536454.0,5508512858.228571,14.073164742746494,0.45454545454545453,A
MP-0001,Adhesivos calibre/ref 25,Adhesivos,299035,12833.46,7333.405714285714,2192944977.7714286,7701457836.0,19.675706978416315,0.6818181818181818,A
MP-0013,Adhesivos calibre/ref 1,Adhesivos,361794,8145.83,4654.759999999999,1684064239.4399998,9385522075.44,23.978159217155156,0.9090909090909091,A
MP-0020,Lámina calibre/ref 1,Lámina,248445,11343.619999999999,6482.06857142857,1610437526.2285712,10995959601.668571,28.092509713888695,1.1363636363636365,A
MP-0010,Pintura calibre/ref 33,Pintura,244981,11502.0,6572.571428571428,1610155121.142857,12606114722.811428,32.20613872128423,1.3636363636363635,A
MP-0022,Correderas calibre/ref 1,Correderas,173118,15643.89,8939.365714285714,1547565113.7257142,14153679836.537142,36.1598625948803,1.5909090909090908,A
MP-0004,Vidrio calibre/ref 33,Vidrio,385136,7016.099999999999,4009.1999999999994,1544087251.1999998,15697767087.73714,40.10470121513545,1.8181818181818181,A
MP-0026,Empaque calibre/ref 21,Empaque,393154,6817.7699999999995,3895.868571428571,1531676312.3314285,17229443400.06857,44.01783233251192,2.0454545454545454,A
MP-0012,Tubería calibre/ref 22,Tubería,260365,9721.779999999999,5555.302857142856,1446406428.3999996,18675849828.468567,47.71311570131333,2.272727272727273,A
MP-0014,Vidrio calibre/ref 37,Vidrio,234603,10428.26,5959.005714285714,1398000617.5885713,20073850446.057137,51.28473176324119,2.5,A
MP-0016,Adhesivos calibre/ref 24,Adhesivos,142723,16537.34,9449.90857142857,1348719301.0399997,21422569747.097137,54.730443773680534,2.727272727272727,A
MP-0009,Empaque calibre/ref 27,Empaque,256746,8255.45,4717.400000000001,1211173580.4,22633743327.49714,57.82475357520339,2.9545454545454546,A
MP-0036,Tubería calibre/ref 20,Tubería,339654,5030.64,2874.651428571429,976386856.32,23610130183.81714,60.31922956814181,3.1818181818181817,A
MP-0005,Adhesivos calibre/ref 2,Adhesivos,141286,10153.15,5801.799999999999,819713114.8,24429843298.617138,62.41343502853896,3.4090909090909087,A
MP-0051,Correderas calibre/ref 32,Correderas,68499,17539.82,10022.754285714285,686548645.8171428,25116391944.43428,64.16743151455266,3.6363636363636362,A
MP-0128,Pintura calibre/ref 15,Pintura,56497,17572.059999999998,10041.177142857141,567296385.0399998,25683688329.47428,65.6167619763499,3.8636363636363633,A
MP-0033,Pintura calibre/ref 16,Pintura,157770,6198.839999999999,3542.194285714285,558851992.4571427,26242540321.931423,67.04451867930705,4.090909090909091,A
MP-0015,Empaque calibre/ref 15,Empaque,151416,6413.889999999999,3665.0799999999995,554951753.28,26797492075.211422,68.4623110398203,4.318181818181818,A
MP-0037,Pintura calibre/ref 28,Pintura,101283,9117.87,5210.211428571429,527705844.12,27325197919.33142,69.8104954720155,4.545454545454546,A
MP-0019,Vidrio calibre/ref 29,Vidrio,81958,11192.390000000001,6395.651428571429,524174799.7828572,27849372719.114277,71.1496587818226,4.772727272727273,A
MP-0143,Pintura calibre/ref 19,Pintura,78410,11036.650000000001,6306.657142857143,494504986.5714286,28343877705.685707,72.41302156615987,5.0,A
MP-0077,Tubería calibre/ref 26,Tubería,66191,12022.5,6870.0,454732170.0,28798609875.685707,73.57477264252834,5.227272727272727,A
MP-0111,Adhesivos calibre/ref 34,Adhesivos,71165,10480.59,5988.908571428571,426200678.48571426,29224810554.17142,74.66363138102435,5.454545454545454,A
MP-0118,Vidrio calibre/ref 21,Vidrio,71465,9898.56,5656.32,404228908.79999995,29629039462.97142,75.69635657813906,5.681818181818182,A
MP-0101,Correderas calibre/ref 14,Correderas,70351,9669.0,5525.142857142857,388699325.14285713,30017738788.114277,76.68940674955846,5.909090909090909,A
MP-0002,Adhesivos calibre/ref 23,Adhesivos,98702,6534.0,3733.7142857142853,368525067.4285714,30386263855.542847,77.6309156684324,6.136363636363637,A
MP-0030,Correderas calibre/ref 5,Correderas,284982,2090.3199999999997,1194.4685714285713,340402042.4228571,30726665897.965702,78.50057580086327,6.363636363636363,A
MP-0078,Pintura calibre/ref 14,Pintura,56933,10083.04,5761.737142857143,328032980.75428575,31054698878.719986,79.33863541840836,6.59090909090909,A
MP-0120,Pintura calibre/ref 2,Pintura,57256,10001.099999999999,5714.914285714284,327213132.34285706,31381912011.062843,80.17460048483683,6.8181818181818175,B
MP-0071,Pintura calibre/ref 10,Pintura,64609,8310.6,4748.914285714286,306822603.0857143,31688734614.148556,80.95847176755035,7.045454545454545,B
MP-0039,Tubería calibre/ref 24,Tubería,395252,1334.75,762.7142857142857,301464346.85714287,31990198961.0057,81.72865376159754,7.2727272727272725,B
MP-0149,Tubería calibre/ref 15,Tubería,32103,16228.65,9273.514285714286,297707629.1142857,32287906590.119984,82.48923808218042,7.5,B
MP-0032,Pintura calibre/ref 22,Pintura,196328,2613.3,1493.3142857142857,293179407.0857143,32581085997.205696,83.23825368789596,7.727272727272727,B
MP-0073,Empaque calibre/ref 3,Empaque,45806,11018.04,6296.022857142857,288395622.9942857,32869481620.19998,83.97504766803941,7.954545454545454,B
MP-0043,Vidrio calibre/ref 37,Vidrio,79081,5784.42,3305.382857142857,261392981.7257143,33130874601.925697,84.64285522138452,8.181818181818182,B
MP-0074,Empaque calibre/ref 27,Empaque,57757,7696.21,4397.834285714285,254005714.83999997,33384880316.765697,85.29178976370888,8.409090909090908,B
MP-0085,Empaque calibre/ref 20,Empaque,42369,10389.1,5936.628571428571,251529015.94285715,33636409332.708553,85.9343968284554,8.636363636363637,B
MP-0088,Vidrio calibre/ref 22,Vidrio,42952,9870.05,5640.028571428571,242250507.2,33878659839.908554,86.55329913195948,8.863636363636363,B
MP-0132,Lámina calibre/ref 4,Lámina,32995,12299.6,7028.342857142857,231900172.57142857,34110560012.479984,87.14575837031707,9.090909090909092,B
MP-0136,Tubería calibre/ref 19,Tubería,50144,7615.1,4351.4857142857145,218200899.65714288,34328760912.137127,87.70321866621225,9.318181818181818,B
MP-0150,Correderas calibre/ref 9,Correderas,40425,9144.0,5225.142857142857,211226400.0,34539987312.13713,88.24286049000808,9.545454545454547,B
MP-0129,Correderas calibre/ref 12,Correderas,38308,8851.5,5058.0,193761864.0,34733749176.13713,88.73788386621031,9.772727272727273,B
MP-0076,Tornillería calibre/ref 19,Tornillería,29459,11413.36,6521.92,192129241.28,34925878417.41713,89.22873621311793,10.0,B
MP-0047,Correderas calibre/ref 20,Correderas,60848,5514.78,3151.3028571428567,191750476.25142854,35117628893.66856,89.71862089002404,10.227272727272728,B
MP-0142,Lámina calibre/ref 21,Lámina,34292,9768.37,5581.925714285714,191415396.5942857,35309044290.26284,90.20764950444318,10.454545454545453,B
MP-0094,Lámina calibre/ref 36,Lámina,40900,7409.139999999999,4233.794285714285,173162186.28571427,35482206476.54855,90.65004476384114,10.681818181818182,B
MP-0137,Vidrio calibre/ref 12,Vidrio,39144,7644.870000000001,4368.497142857143,171000452.16000003,35653206928.70856,91.08691721857944,10.909090909090908,B
MP-0027,Pintura calibre/ref 17,Pintura,179174,1579.2000000000003,902.4000000000001,161686617.60000002,35814893546.308556,91.49999466157446,11.136363636363637,B
MP-0133,Tornillería calibre/ref 9,Tornillería,24738,11002.15,6286.942857142856,155526392.39999998,35970419938.70856,91.89733394323207,11.363636363636363,B
MP-0108,Adhesivos calibre/ref 17,Adhesivos,25925,9903.960000000001,5659.405714285715,146720093.14285716,36117140031.85142,92.27217486582086,11.59090909090909,B
MP-0060,Correderas calibre/ref 39,Correderas,33628,7472.639999999999,4270.079999999999,143594250.23999998,36260734282.091415,92.63902987582958,11.818181818181818,B
MP-0045,Correderas calibre/ref 3,Correderas,62696,3932.1,2246.9142857142856,140872538.05714285,36401606820.14856,92.99893144760236,12.045454545454545,B
MP-0373,Tornillería calibre/ref 19,Tornillería,13149,18679.1,10673.771428571426,140349420.51428568,36541956240.66284,93.3574965571484,12.272727272727273,B
MP-0116,Pintura calibre/ref 38,Pintura,49643,4751.7,2715.2571428571428,134793510.34285715,36676749751.0057,93.70186741115747,12.5,B
MP-0122,Pintura calibre/ref 13,Pintura,31481,7417.799999999999,4238.742857142856,133439863.88571426,36810189614.89141,94.0427799652433,12.727272727272727,B
MP-0139,Lámina calibre/ref 25,Lámina,22444,10242.12,5852.64,131356652.16000001,36941546267.051414,94.37837032392639,12.954545454545455,B
MP-0080,Adhesivos calibre/ref 18,Adhesivos,39838,5556.72,3175.2685714285712,126496349.34857142,37068042616.39999,94.70154356678798,13.18181818181818,B
MP-0059,Lámina calibre/ref 34,Lámina,34481,6214.280000000001,3551.017142857143,122442622.10285714,37190485238.502846,95.01436033543968,13.40909090909091,C
MP-0102,Vidrio calibre/ref 26,Vidrio,15942,11911.51,6806.5771428571425,108510452.81142856,37298995691.31428,95.29158315728425,13.636363636363635,C
MP-0131,Tornillería calibre/ref 8,Tornillería,37576,4548.95,2599.3999999999996,97675054.39999999,37396670745.71428,95.54112367161284,13.863636363636363,C
MP-0117,Pintura calibre/ref 22,Pintura,19690,8359.68,4776.96,94058342.4,37490729088.11428,95.78142419955797,14.09090909090909,C
MP-0018,Adhesivos calibre/ref 8,Adhesivos,91904,1517.19,866.9657142857143,79677617.00571428,37570406705.119995,95.984984808254,14.318181818181818,C
MP-0199,Empaque calibre/ref 36,Empaque,13941,9368.28,5353.302857142858,74630395.13142858,37645037100.25143,96.17565075976067,14.545454545454545,C
MP-0343,Correderas calibre/ref 18,Correderas,11205,11113.4,6350.5142857142855,71157512.57142857,37716194612.82285,96.35744418075738,14.772727272727273,C
MP-0106,Correderas calibre/ref 37,Correderas,22268,5359.53,3062.588571428571,68197722.30857141,37784392335.131424,96.53167592094383,15.0,C
MP-0182,Vidrio calibre/ref 13,Vidrio,7457,15947.66,9112.948571428571,67955257.49714285,37852347592.62857,96.70528821132172,15.227272727272728,C
MP-0418,Pintura calibre/ref 21,Pintura,14607,8106.3099999999995,4632.177142857142,67662211.52571428,37920009804.15428,96.87815182699568,15.454545454545453,C
MP-0216,Empaque calibre/ref 28,Empaque,12449,9510.0,5434.285714285714,67651422.85714285,37987661227.01142,97.05098787974765,15.681818181818183,C
MP-0273,Pintura calibre/ref 24,Pintura,9058,12824.0,7328.0,66377024.0,38054038251.01142,97.2205680945764,15.909090909090908,C
MP-0229,Empaque calibre/ref 9,Empaque,7426,14364.0,8208.0,60952608.0,38114990859.01142,97.37628999556145,16.136363636363637,C
MP-0254,Lámina calibre/ref 18,Lámina,8919,11383.05,6504.599999999999,58014527.4,38173005386.41142,97.52450567964635,16.363636363636363,C
MP-0114,Tornillería calibre/ref 15,Tornillería,34343,2841.9900000000002,1623.9942857142858,55772835.754285716,38228778222.16571,97.66699428336591,16.590909090909093,C
MP-0238,Pintura calibre/ref 4,Pintura,12403,7604.959999999999,4345.691428571427,53899610.78857142,38282677832.954285,97.80469716647063,16.818181818181817,C
MP-0153,Correderas calibre/ref 31,Correderas,14614,6444.0,3682.285714285714,53812923.428571425,38336490756.38286,97.94217858045478,17.045454545454543,C
MP-0369,Correderas calibre/ref 12,Correderas,8062,11640.92,6651.954285714285,53628055.45142857,38390118811.83429,98.07918769319085,17.272727272727273,C
MP-0232,Tubería calibre/ref 14,Tubería,8859,8381.37,4789.354285714286,42428889.617142856,38432547701.45143,98.18758514433628,17.5,C
MP-0321,Tornillería calibre/ref 25,Tornillería,14487,5004.099999999999,2859.485714285714,41425369.54285714,38473973070.994286,98.29341879946426,17.727272727272727,C
MP-0344,Tornillería calibre/ref 2,Tornillería,6342,11141.65,6366.657142857142,40377339.599999994,38514350410.594284,98.3965749446325,17.954545454545453,C
MP-0293,Lámina calibre/ref 15,Lámina,8453,8347.2,4769.828571428571,40319360.91428571,38554669771.50857,98.49958296568512,18.181818181818183,C
MP-0299,Empaque calibre/ref 10,Empaque,7144,9623.68,5499.245714285714,39286611.38285714,38593956382.891426,98.59995251521777,18.409090909090907,C
MP-0356,Tornillería calibre/ref 38,Tornillería,9738,6559.56,3748.32,36501140.160000004,38630457523.05143,98.69320573473281,18.636363636363637,C
MP-0357,Correderas calibre/ref 28,Correderas,6420,9192.96,5253.119999999999,33725030.39999999,38664182553.45143,98.77936654092288,18.863636363636363,C
MP-0309,Tubería calibre/ref 3,Tubería,6190,8735.13,4991.502857142857,30897402.685714282,38695079956.137146,98.85830331556788,19.090909090909093,C
MP-0217,Adhesivos calibre/ref 34,Adhesivos,7822,6715.900000000001,3837.657142857143,30018154.171428572,38725098110.30857,98.93499378353992,19.318181818181817,C
MP-0157,Tornillería calibre/ref 30,Tornillería,2791,18429.64,10531.222857142857,29392642.994285714,38754490753.30286,99.01008619372926,19.545454545454547,C
MP-0390,Tornillería calibre/ref 11,Tornillería,13936,3491.3199999999997,1995.0399999999997,27802877.439999998,38782293630.74286,99.08111706623617,19.772727272727273,C
MP-0386,Correderas calibre/ref 22,Correderas,5157,8696.88,4969.645714285713,25628462.948571425,38807922093.69143,99.14659273824806,20.0,C
MP-0202,Pintura calibre/ref 34,Pintura,2983,14022.0,8012.571428571428,23901500.57142857,38831823594.262856,99.20765636173368,20.227272727272727,C
MP-0239,Pintura calibre/ref 32,Pintura,10488,3962.1000000000004,2264.057142857143,23745431.314285714,38855569025.57714,99.2683212590252,20.454545454545457,C
MP-0244,Pintura calibre/ref 37,Pintura,6572,6219.16,3553.805714285714,23355611.154285714,38878924636.73143,99.32799024263316,20.681818181818183,C
MP-0197,Tornillería calibre/ref 25,Tornillería,3935,10298.95,5885.114285714286,23157924.714285716,38902082561.44572,99.38715417634667,20.909090909090907,C
MP-0268,Vidrio calibre/ref 22,Vidrio,12459,3194.76,1825.577142857143,22744865.622857142,38924827427.06857,99.4452628254867,21.136363636363637,C
MP-0189,Lámina calibre/ref 34,Lámina,5058,7823.099999999999,4470.342857142857,22610994.17142857,38947438421.24,99.5030294594515,21.363636363636363,C
MP-0370,Tubería calibre/ref 21,Tubería,13919,2487.94,1421.68,19788363.92,38967226785.159996,99.55358482940395,21.59090909090909,C
MP-0181,Pintura calibre/ref 37,Pintura,3549,9271.4,5297.942857142857,18802399.2,38986029184.35999,99.60162125380934,21.818181818181817,C
MP-0385,Tubería calibre/ref 28,Tubería,11740,2716.95,1552.542857142857,18226853.14285714,39004256037.50285,99.64818727146657,22.045454545454547,C
MP-0388,Correderas calibre/ref 1,Correderas,3807,8002.8,4573.028571428571,17409519.77142857,39021665557.274284,99.6926651634387,22.272727272727273,C
MP-0211,Empaque calibre/ref 29,Empaque,5707,4866.28,2780.7314285714283,15869634.262857141,39037535191.53714,99.73320895141494,22.5,C
MP-0393,Empaque calibre/ref 3,Empaque,9553,2791.02,1594.8685714285714,15235779.462857142,39052770971.0,99.77213336529638,22.727272727272727,C
MP-0330,Tornillería calibre/ref 30,Tornillería,8021,3183.6499999999996,1819.228571428571,14592032.371428568,39067363003.37143,99.809413132228,22.954545454545457,C
MP-0178,Vidrio calibre/ref 15,Vidrio,7406,3042.0,1738.2857142857142,12873744.0,39080236747.37143,99.84230301100851,23.18181818181818,C
MP-0411,Correderas calibre/ref 9,Correderas,2329,8080.2699999999995,4617.297142857143,10753685.045714285,39090990432.417145,99.86977655697906,23.40909090909091,C
MP-0193,Correderas calibre/ref 15,Correderas,2415,6895.320000000001,3940.1828571428573,9515541.6,39100505974.01714,99.8940868904574,23.636363636363637,C
MP-0272,Correderas calibre/ref 39,Correderas,12300,1204.6,688.342857142857,8466617.142857142,39108972591.16,99.91571742866832,23.863636363636363,C
MP-0340,Vidrio calibre/ref 34,Vidrio,2769,4866.28,2780.7314285714283,7699845.325714285,39116672436.48572,99.93538901600074,24.09090909090909,C
MP-0227,Vidrio calibre/ref 28,Vidrio,2521,4801.68,2743.8171428571427,6917163.0171428565,39123589599.50286,99.9530610042847,24.31818181818182,C
MP-0161,Correderas calibre/ref 21,Correderas,2495,4248.5,2427.714285714286,6057147.142857143,39129646746.64572,99.96853582150061,24.545454545454547,C
MP-0339,Adhesivos calibre/ref 25,Adhesivos,4192,2186.52,1249.4399999999998,5237652.4799999995,39134884399.125725,99.98191699135778,24.772727272727273,C
MP-0162,Pintura calibre/ref 30,Pintura,6439,1411.2,806.4,5192409.6,39140076808.72572,99.99518257457294,25.0,C
MP-0325,Tubería calibre/ref 8,Tubería,431,7656.289999999999,4375.022857142856,1885634.851428571,39141962443.57715,100.00000000000004,25.227272727272727,C
MP-0188,Vidrio calibre/ref 28,Vidrio,1200,0.0,0.0,0.0,39141962443.57715,100.00000000000004,25.454545454545453,C
MP-0294,Lámina calibre/ref 23,Lámina,3954,0.0,0.0,0.0,39141962443.57715,100.00000000000004,25.681818181818183,C
MP-0206,Adhesivos calibre/ref 17,Adhesivos,13367,0.0,0.0,0.0,39141962443.57715,100.00000000000004,25.90909090909091,C
MP-0319,Lámina calibre/ref 38,Lámina,6387,0.0,0.0,0.0,39141962443.57715,100.00000000000004,26.136363636363637,C
MP-0121,Adhesivos calibre/ref 28,Adhesivos,50877,0.0,0.0,0.0,39141962443.57715,100.00000000000004,26.36363636363636,C
MP-0364,Empaque calibre/ref 26,Empaque,7364,0.0,0.0,0.0,39141962443.57715,100.00000000000004,26.590909090909093,C
MP-0288,Lámina calibre/ref 6,Lámina,3660,0.0,0.0,0.0,39141962443.57715,100.00000000000004,26.81818181818182,C
MP-0377,Empaque calibre/ref 37,Empaque,5853,0.0,0.0,0.0,39141962443.57715,100.00000000000004,27.045454545454543,C
MP-0067,Pintura calibre/ref 15,Pintura,65561,0.0,0.0,0.0,39141962443.57715,100.00000000000004,27.27272727272727,C
MP-0138,Tubería calibre/ref 10,Tubería,68215,0.0,0.0,0.0,39141962443.57715,100.00000000000004,27.500000000000004,C
MP-0070,Tubería calibre/ref 34,Tubería,57954,0.0,0.0,0.0,39141962443.57715,100.00000000000004,27.727272727272727,C
MP-0391,Adhesivos calibre/ref 29,Adhesivos,8995,0.0,0.0,0.0,39141962443.57715,100.00000000000004,27.954545454545453,C
MP-90019,Vidrio (dup),Vidrio,85882,0.0,0.0,0.0,39141962443.57715,100.00000000000004,28.18181818181818,C
MP-0086,Empaque calibre/ref 3,Empaque,69618,0.0,0.0,0.0,39141962443.57715,100.00000000000004,28.40909090909091,C
MP-0064,Tubería calibre/ref 23,Tubería,35201,0.0,0.0,0.0,39141962443.57715,100.00000000000004,28.636363636363637,C
MP-0253,Tubería calibre/ref 5,Tubería,9356,0.0,0.0,0.0,39141962443.57715,100.00000000000004,28.863636363636363,C
MP-0415,Correderas calibre/ref 28,Correderas,12117,0.0,0.0,0.0,39141962443.57715,100.00000000000004,29.09090909090909,C
MP-90107,Lámina (dup),Lámina,74064,0.0,0.0,0.0,39141962443.57715,100.00000000000004,29.318181818181817,C
MP-0236,Empaque calibre/ref 12,Empaque,12660,0.0,0.0,0.0,39141962443.57715,100.00000000000004,29.545454545454547,C
MP-0298,Correderas calibre/ref 23,Correderas,3294,0.0,0.0,0.0,39141962443.57715,100.00000000000004,29.772727272727273,C
MP-0061,Tornillería calibre/ref 7,Tornillería,53880,0.0,0.0,0.0,39141962443.57715,100.00000000000004,30.0,C
MP-0407,Lámina calibre/ref 34,Lámina,11177,0.0,0.0,0.0,39141962443.57715,100.00000000000004,30.227272727272727,C
MP-0124,Tubería calibre/ref 35,Tubería,29143,0.0,0.0,0.0,39141962443.57715,100.00000000000004,30.454545454545457,C
MP-0320,Lámina calibre/ref 38,Lámina,1174,0.0,0.0,0.0,39141962443.57715,100.00000000000004,30.681818181818183,C
MP-0405,Lámina calibre/ref 16,Lámina,8284,0.0,0.0,0.0,39141962443.57715,100.00000000000004,30.909090909090907,C
MP-0083,Pintura calibre/ref 14,Pintura,73001,0.0,0.0,0.0,39141962443.57715,100.00000000000004,31.136363636363633,C
MP-0341,Tornillería calibre/ref 5,Tornillería,2027,0.0,0.0,0.0,39141962443.57715,100.00000000000004,31.363636363636367,C
MP-90223,Tornillería (dup),Tornillería,10728,0.0,0.0,0.0,39141962443.57715,100.00000000000004,31.590909090909093,C
MP-0179,Correderas calibre/ref 24,Correderas,11205,0.0,0.0,0.0,39141962443.57715,100.00000000000004,31.818181818181817,C
MP-0134,Correderas calibre/ref 36,Correderas,64521,0.0,0.0,0.0,39141962443.57715,100.00000000000004,32.04545454545455,C
MP-0380,Tornillería calibre/ref 4,Tornillería,13527,0.0,0.0,0.0,39141962443.57715,100.00000000000004,32.27272727272727,C
MP-0192,Tornillería calibre/ref 24,Tornillería,10044,0.0,0.0,0.0,39141962443.57715,100.00000000000004,32.5,C
MP-0103,Pintura calibre/ref 2,Pintura,50643,0.0,0.0,0.0,39141962443.57715,100.00000000000004,32.72727272727273,C
MP-0170,Tornillería calibre/ref 22,Tornillería,4382,0.0,0.0,0.0,39141962443.57715,100.00000000000004,32.95454545454545,C
MP-0348,Correderas calibre/ref 6,Correderas,9374,0.0,0.0,0.0,39141962443.57715,100.00000000000004,33.18181818181819,C
MP-0091,Tubería calibre/ref 34,Tubería,75896,0.0,0.0,0.0,39141962443.57715,100.00000000000004,33.409090909090914,C
MP-0147,Tubería calibre/ref 28,Tubería,48242,0.0,0.0,0.0,39141962443.57715,100.00000000000004,33.63636363636363,C
MP-0215,Pintura calibre/ref 33,Pintura,8972,0.0,0.0,0.0,39141962443.57715,100.00000000000004,33.86363636363636,C
MP-0301,Pintura calibre/ref 12,Pintura,13471,0.0,0.0,0.0,39141962443.57715,100.00000000000004,34.090909090909086,C
MP-0062,Correderas calibre/ref 33,Correderas,42841,0.0,0.0,0.0,39141962443.57715,100.00000000000004,34.31818181818182,C
MP-0021,Correderas calibre/ref 31,Correderas,188399,0.0,0.0,0.0,39141962443.57715,100.00000000000004,34.54545454545455,C
MP-0034,Tornillería calibre/ref 13,Tornillería,318023,0.0,0.0,0.0,39141962443.57715,100.00000000000004,34.77272727272727,C
MP-90093,Adhesivos (dup),Adhesivos,75030,0.0,0.0,0.0,39141962443.57715,100.00000000000004,35.0,C
MP-0282,Tornillería calibre/ref 28,Tornillería,14231,0.0,0.0,0.0,39141962443.57715,100.00000000000004,35.22727272727273,C
MP-0400,Tubería calibre/ref 15,Tubería,13930,0.0,0.0,0.0,39141962443.57715,100.00000000000004,35.45454545454545,C
MP-0006,Lámina calibre/ref 25,Lámina,142141,0.0,0.0,0.0,39141962443.57715,100.00000000000004,35.68181818181818,C
MP-0096,Adhesivos calibre/ref 2,Adhesivos,51577,0.0,0.0,0.0,39141962443.57715,100.00000000000004,35.90909090909091,C
MP-0201,Correderas calibre/ref 16,Correderas,13444,0.0,0.0,0.0,39141962443.57715,100.00000000000004,36.13636363636364,C
MP-0113,Adhesivos calibre/ref 5,Adhesivos,60878,0.0,0.0,0.0,39141962443.57715,100.00000000000004,36.36363636363637,C
MP-90072,Adhesivos (dup),Adhesivos,16950,0.0,0.0,0.0,39141962443.57715,100.00000000000004,36.59090909090909,C
MP-0007,Adhesivos calibre/ref 33,Adhesivos,313781,0.0,0.0,0.0,39141962443.57715,100.00000000000004,36.81818181818181,C
MP-0042,Lámina calibre/ref 37,Lámina,50406,0.0,0.0,0.0,39141962443.57715,100.00000000000004,37.04545454545455,C
MP-0401,Vidrio calibre/ref 25,Vidrio,2358,0.0,0.0,0.0,39141962443.57715,100.00000000000004,37.27272727272727,C
MP-0209,Tubería calibre/ref 37,Tubería,5569,0.0,0.0,0.0,39141962443.57715,100.00000000000004,37.5,C
MP-0130,Empaque calibre/ref 33,Empaque,74019,0.0,0.0,0.0,39141962443.57715,100.00000000000004,37.72727272727273,C
MP-0355,Lámina calibre/ref 28,Lámina,13636,0.0,0.0,0.0,39141962443.57715,100.00000000000004,37.95454545454545,C
MP-0069,Tubería calibre/ref 25,Tubería,44153,0.0,0.0,0.0,39141962443.57715,100.00000000000004,38.18181818181819,C
MP-0028,Tubería calibre/ref 19,Tubería,367530,0.0,0.0,0.0,39141962443.57715,100.00000000000004,38.40909090909091,C
MP-0291,Vidrio calibre/ref 23,Vidrio,13498,0.0,0.0,0.0,39141962443.57715,100.00000000000004,38.63636363636363,C
MP-0099,Vidrio calibre/ref 17,Vidrio,42946,0.0,0.0,0.0,39141962443.57715,100.00000000000004,38.86363636363636,C
MP-0408,Empaque calibre/ref 36,Empaque,14786,0.0,0.0,0.0,39141962443.57715,100.00000000000004,39.09090909090909,C
MP-0141,Adhesivos calibre/ref 38,Adhesivos,20387,0.0,0.0,0.0,39141962443.57715,100.00000000000004,39.31818181818182,C
MP-0245,Adhesivos calibre/ref 23,Adhesivos,2815,0.0,0.0,0.0,39141962443.57715,100.00000000000004,39.54545454545455,C
MP-0196,Vidrio calibre/ref 16,Vidrio,4392,0.0,0.0,0.0,39141962443.57715,100.00000000000004,39.77272727272727,C
MP-0350,Adhesivos calibre/ref 15,Adhesivos,7054,0.0,0.0,0.0,39141962443.57715,100.00000000000004,40.0,C
MP-0040,Correderas calibre/ref 2,Correderas,143609,0.0,0.0,0.0,39141962443.57715,100.00000000000004,40.22727272727273,C
MP-0304,Correderas calibre/ref 16,Correderas,5637,0.0,0.0,0.0,39141962443.57715,100.00000000000004,40.45454545454545,C
MP-0169,Correderas calibre/ref 15,Correderas,1258,0.0,0.0,0.0,39141962443.57715,100.00000000000004,40.68181818181818,C
MP-90388,Correderas (dup),Correderas,4008,0.0,0.0,0.0,39141962443.57715,100.00000000000004,40.909090909090914,C
MP-0371,Tubería calibre/ref 19,Tubería,4437,0.0,0.0,0.0,39141962443.57715,100.00000000000004,41.13636363636364,C
MP-0166,Lámina calibre/ref 28,Lámina,10838,0.0,0.0,0.0,39141962443.57715,100.00000000000004,41.36363636363637,C
MP-0242,Empaque calibre/ref 12,Empaque,12815,0.0,0.0,0.0,39141962443.57715,100.00000000000004,41.590909090909086,C
MP-0087,Pintura calibre/ref 11,Pintura,77924,0.0,0.0,0.0,39141962443.57715,100.00000000000004,41.81818181818181,C
MP-0140,Vidrio calibre/ref 10,Vidrio,69076,0.0,0.0,0.0,39141962443.57715,100.00000000000004,42.04545454545455,C
MP-0158,Tubería calibre/ref 32,Tubería,9120,0.0,0.0,0.0,39141962443.57715,100.00000000000004,42.27272727272727,C
MP-90197,Tornillería (dup),Tornillería,4142,0.0,0.0,0.0,39141962443.57715,100.00000000000004,42.5,C
MP-0081,Adhesivos calibre/ref 17,Adhesivos,29017,0.0,0.0,0.0,39141962443.57715,100.00000000000004,42.72727272727273,C
MP-0358,Adhesivos calibre/ref 25,Adhesivos,10081,0.0,0.0,0.0,39141962443.57715,100.00000000000004,42.95454545454545,C
MP-0233,Correderas calibre/ref 11,Correderas,5273,0.0,0.0,0.0,39141962443.57715,100.00000000000004,43.18181818181818,C
MP-0383,Tornillería calibre/ref 26,Tornillería,2342,0.0,0.0,0.0,39141962443.57715,100.00000000000004,43.40909090909091,C
MP-0317,Tubería calibre/ref 13,Tubería,6640,0.0,0.0,0.0,39141962443.57715,100.00000000000004,43.63636363636363,C
MP-0148,Adhesivos calibre/ref 14,Adhesivos,74617,0.0,0.0,0.0,39141962443.57715,100.00000000000004,43.86363636363637,C
MP-0275,Tubería calibre/ref 33,Tubería,2333,0.0,0.0,0.0,39141962443.57715,100.00000000000004,44.09090909090909,C
MP-0409,Tornillería calibre/ref 29,Tornillería,13425,0.0,0.0,0.0,39141962443.57715,100.00000000000004,44.31818181818182,C
MP-0274,Tubería calibre/ref 12,Tubería,8520,0.0,0.0,0.0,39141962443.57715,100.00000000000004,44.54545454545455,C
MP-0205,Correderas calibre/ref 12,Correderas,2925,0.0,0.0,0.0,39141962443.57715,100.00000000000004,44.77272727272727,C
MP-0223,Tornillería calibre/ref 36,Tornillería,10102,0.0,0.0,0.0,39141962443.57715,100.00000000000004,45.0,C
MP-0302,Tubería calibre/ref 29,Tubería,4885,0.0,0.0,0.0,39141962443.57715,100.00000000000004,45.22727272727273,C
MP-90390,Tornillería (dup),Tornillería,15622,0.0,0.0,0.0,39141962443.57715,100.00000000000004,45.45454545454545,C
MP-0173,Tubería calibre/ref 35,Tubería,7717,0.0,0.0,0.0,39141962443.57715,100.00000000000004,45.68181818181819,C
MP-0413,Empaque calibre/ref 36,Empaque,332,0.0,0.0,0.0,39141962443.57715,100.00000000000004,45.909090909090914,C
MP-0079,Lámina calibre/ref 13,Lámina,61211,0.0,0.0,0.0,39141962443.57715,100.00000000000004,46.13636363636363,C
MP-0395,Empaque calibre/ref 21,Empaque,12818,0.0,0.0,0.0,39141962443.57715,100.00000000000004,46.36363636363636,C
MP-0095,Pintura calibre/ref 39,Pintura,49436,0.0,0.0,0.0,39141962443.57715,100.00000000000004,46.590909090909086,C
MP-0204,Correderas calibre/ref 22,Correderas,3743,0.0,0.0,0.0,39141962443.57715,100.00000000000004,46.81818181818182,C
MP-0184,Tornillería calibre/ref 3,Tornillería,13370,0.0,0.0,0.0,39141962443.57715,100.00000000000004,47.04545454545455,C
MP-0258,Empaque calibre/ref 38,Empaque,14988,0.0,0.0,0.0,39141962443.57715,100.00000000000004,47.27272727272727,C
MP-0190,Vidrio calibre/ref 20,Vidrio,8785,0.0,0.0,0.0,39141962443.57715,100.00000000000004,47.5,C
MP-0269,Vidrio calibre/ref 13,Vidrio,2974,0.0,0.0,0.0,39141962443.57715,100.00000000000004,47.72727272727273,C
MP-0044,Vidrio calibre/ref 25,Vidrio,64011,0.0,0.0,0.0,39141962443.57715,100.00000000000004,47.95454545454545,C
MP-0419,Correderas calibre/ref 5,Correderas,10429,0.0,0.0,0.0,39141962443.57715,100.00000000000004,48.18181818181818,C
MP-0072,Adhesivos calibre/ref 35,Adhesivos,15680,0.0,0.0,0.0,39141962443.57715,100.00000000000004,48.40909090909091,C
MP-90370,Tubería (dup),Tubería,15454,0.0,0.0,0.0,39141962443.57715,100.00000000000004,48.63636363636364,C
MP-0194,Pintura calibre/ref 9,Pintura,7578,0.0,0.0,0.0,39141962443.57715,100.00000000000004,48.86363636363637,C
MP-0261,Vidrio calibre/ref 11,Vidrio,4365,0.0,0.0,0.0,39141962443.57715,100.00000000000004,49.09090909090909,C
MP-0186,Empaque calibre/ref 10,Empaque,14860,0.0,0.0,0.0,39141962443.57715,100.00000000000004,49.31818181818181,C
MP-0267,Tubería calibre/ref 24,Tubería,7722,0.0,0.0,0.0,39141962443.57715,100.00000000000004,49.54545454545455,C
MP-0314,Vidrio calibre/ref 30,Vidrio,3975,0.0,0.0,0.0,39141962443.57715,100.00000000000004,49.77272727272727,C
MP-0168,Adhesivos calibre/ref 15,Adhesivos,2412,0.0,0.0,0.0,39141962443.57715,100.00000000000004,50.0,C
MP-0346,Correderas calibre/ref 37,Correderas,8492,0.0,0.0,0.0,39141962443.57715,100.00000000000004,50.227272727272734,C
MP-0326,Vidrio calibre/ref 25,Vidrio,913,0.0,0.0,0.0,39141962443.57715,100.00000000000004,50.45454545454545,C
MP-90183,Tubería (dup),Tubería,14062,0.0,0.0,0.0,39141962443.57715,100.00000000000004,50.68181818181819,C
MP-0237,Correderas calibre/ref 14,Correderas,2056,0.0,0.0,0.0,39141962443.57715,100.00000000000004,50.90909090909091,C
MP-0251,Lámina calibre/ref 15,Lámina,11276,0.0,0.0,0.0,39141962443.57715,100.00000000000004,51.13636363636363,C
MP-0068,Empaque calibre/ref 40,Empaque,33602,0.0,0.0,0.0,39141962443.57715,100.00000000000004,51.36363636363637,C
MP-0266,Pintura calibre/ref 19,Pintura,8009,0.0,0.0,0.0,39141962443.57715,100.00000000000004,51.590909090909086,C
MP-0394,Vidrio calibre/ref 15,Vidrio,1688,0.0,0.0,0.0,39141962443.57715,100.00000000000004,51.81818181818182,C
MP-0155,Tornillería calibre/ref 15,Tornillería,14126,0.0,0.0,0.0,39141962443.57715,100.00000000000004,52.04545454545455,C
MP-0180,Empaque calibre/ref 28,Empaque,6718,0.0,0.0,0.0,39141962443.57715,100.00000000000004,52.27272727272727,C
MP-0115,Lámina calibre/ref 39,Lámina,26639,0.0,0.0,0.0,39141962443.57715,100.00000000000004,52.5,C
MP-0262,Correderas calibre/ref 27,Correderas,10446,0.0,0.0,0.0,39141962443.57715,100.00000000000004,52.72727272727272,C
MP-0171,Tornillería calibre/ref 28,Tornillería,3672,0.0,0.0,0.0,39141962443.57715,100.00000000000004,52.95454545454545,C
MP-0210,Empaque calibre/ref 29,Empaque,7603,0.0,0.0,0.0,39141962443.57715,100.00000000000004,53.18181818181819,C
MP-0368,Pintura calibre/ref 4,Pintura,9888,0.0,0.0,0.0,39141962443.57715,100.00000000000004,53.40909090909091,C
MP-0053,Tubería calibre/ref 22,Tubería,21843,0.0,0.0,0.0,39141962443.57715,100.00000000000004,53.63636363636364,C
MP-0164,Vidrio calibre/ref 14,Vidrio,1846,0.0,0.0,0.0,39141962443.57715,100.00000000000004,53.86363636363637,C
MP-0327,Tubería calibre/ref 23,Tubería,8037,0.0,0.0,0.0,39141962443.57715,100.00000000000004,54.090909090909086,C
MP-0265,Tornillería calibre/ref 19,Tornillería,8263,0.0,0.0,0.0,39141962443.57715,100.00000000000004,54.31818181818182,C
MP-0414,Empaque calibre/ref 10,Empaque,2703,0.0,0.0,0.0,39141962443.57715,100.00000000000004,54.54545454545454,C
MP-0296,Adhesivos calibre/ref 1,Adhesivos,10190,0.0,0.0,0.0,39141962443.57715,100.00000000000004,54.77272727272727,C
MP-0112,Adhesivos calibre/ref 5,Adhesivos,23398,0.0,0.0,0.0,39141962443.57715,100.00000000000004,55.00000000000001,C
MP-0198,Pintura calibre/ref 7,Pintura,13940,0.0,0.0,0.0,39141962443.57715,100.00000000000004,55.22727272727273,C
MP-0054,Correderas calibre/ref 17,Correderas,52942,0.0,0.0,0.0,39141962443.57715,100.00000000000004,55.45454545454545,C
MP-90137,Vidrio (dup),Vidrio,41373,0.0,0.0,0.0,39141962443.57715,100.00000000000004,55.68181818181818,C
MP-0397,Empaque calibre/ref 20,Empaque,8205,0.0,0.0,0.0,39141962443.57715,100.00000000000004,55.90909090909091,C
MP-0286,Vidrio calibre/ref 2,Vidrio,8518,0.0,0.0,0.0,39141962443.57715,100.00000000000004,56.13636363636364,C
MP-0046,Pintura calibre/ref 27,Pintura,36673,0.0,0.0,0.0,39141962443.57715,100.00000000000004,56.36363636363636,C
MP-0316,Tubería calibre/ref 40,Tubería,10502,0.0,0.0,0.0,39141962443.57715,100.00000000000004,56.59090909090909,C
MP-0230,Correderas calibre/ref 26,Correderas,11714,0.0,0.0,0.0,39141962443.57715,100.00000000000004,56.81818181818182,C
MP-0374,Pintura calibre/ref 11,Pintura,2099,0.0,0.0,0.0,39141962443.57715,100.00000000000004,57.04545454545455,C
MP-0392,Vidrio calibre/ref 34,Vidrio,1025,0.0,0.0,0.0,39141962443.57715,100.00000000000004,57.27272727272727,C
MP-0089,Lámina calibre/ref 24,Lámina,56054,0.0,0.0,0.0,39141962443.57715,100.00000000000004,57.49999999999999,C
MP-0082,Tornillería calibre/ref 15,Tornillería,23972,0.0,0.0,0.0,39141962443.57715,100.00000000000004,57.72727272727273,C
MP-0025,Vidrio calibre/ref 34,Vidrio,216530,0.0,0.0,0.0,39141962443.57715,100.00000000000004,57.95454545454546,C
MP-0279,Adhesivos calibre/ref 6,Adhesivos,1287,0.0,0.0,0.0,39141962443.57715,100.00000000000004,58.18181818181818,C
MP-0363,Adhesivos calibre/ref 33,Adhesivos,8678,0.0,0.0,0.0,39141962443.57715,100.00000000000004,58.409090909090914,C
MP-0345,Lámina calibre/ref 26,Lámina,14371,0.0,0.0,0.0,39141962443.57715,100.00000000000004,58.63636363636363,C
MP-0277,Empaque calibre/ref 37,Empaque,1976,0.0,0.0,0.0,39141962443.57715,100.00000000000004,58.86363636363636,C
MP-0225,Empaque calibre/ref 17,Empaque,7878,0.0,0.0,0.0,39141962443.57715,100.00000000000004,59.09090909090909,C
MP-0289,Adhesivos calibre/ref 9,Adhesivos,10185,0.0,0.0,0.0,39141962443.57715,100.00000000000004,59.31818181818181,C
MP-0338,Empaque calibre/ref 33,Empaque,4061,0.0,0.0,0.0,39141962443.57715,100.00000000000004,59.54545454545455,C
MP-0318,Correderas calibre/ref 26,Correderas,13277,0.0,0.0,0.0,39141962443.57715,100.00000000000004,59.77272727272728,C
MP-0255,Tornillería calibre/ref 6,Tornillería,7693,0.0,0.0,0.0,39141962443.57715,100.00000000000004,60.0,C
MP-0263,Tubería calibre/ref 33,Tubería,4802,0.0,0.0,0.0,39141962443.57715,100.00000000000004,60.22727272727273,C
MP-90091,Tubería (dup),Tubería,80087,0.0,0.0,0.0,39141962443.57715,100.00000000000004,60.45454545454545,C
MP-0167,Correderas calibre/ref 34,Correderas,13015,0.0,0.0,0.0,39141962443.57715,100.00000000000004,60.68181818181818,C
MP-0093,Adhesivos calibre/ref 7,Adhesivos,67888,0.0,0.0,0.0,39141962443.57715,100.00000000000004,60.909090909090914,C
MP-0125,Tubería calibre/ref 6,Tubería,76778,0.0,0.0,0.0,39141962443.57715,100.00000000000004,61.13636363636363,C
MP-0276,Correderas calibre/ref 16,Correderas,1815,0.0,0.0,0.0,39141962443.57715,100.00000000000004,61.36363636363637,C
MP-0280,Vidrio calibre/ref 36,Vidrio,2504,0.0,0.0,0.0,39141962443.57715,100.00000000000004,61.59090909090909,C
MP-0063,Adhesivos calibre/ref 37,Adhesivos,30966,0.0,0.0,0.0,39141962443.57715,100.00000000000004,61.81818181818181,C
MP-0406,Tubería calibre/ref 27,Tubería,1249,0.0,0.0,0.0,39141962443.57715,100.00000000000004,62.04545454545455,C
MP-90018,Adhesivos (dup),Adhesivos,104040,0.0,0.0,0.0,39141962443.57715,100.00000000000004,62.272727272727266,C
MP-0031,Pintura calibre/ref 18,Pintura,324073,0.0,0.0,0.0,39141962443.57715,100.00000000000004,62.5,C
MP-0035,Empaque calibre/ref 39,Empaque,391712,0.0,0.0,0.0,39141962443.57715,100.00000000000004,62.727272727272734,C
MP-90157,Tornillería (dup),Tornillería,2888,0.0,0.0,0.0,39141962443.57715,100.00000000000004,62.95454545454545,C
MP-0105,Lámina calibre/ref 21,Lámina,56750,0.0,0.0,0.0,39141962443.57715,100.00000000000004,63.18181818181819,C
MP-0248,Tornillería calibre/ref 23,Tornillería,860,0.0,0.0,0.0,39141962443.57715,100.00000000000004,63.40909090909091,C
MP-0240,Correderas calibre/ref 20,Correderas,6284,0.0,0.0,0.0,39141962443.57715,100.00000000000004,63.63636363636363,C
MP-0398,Correderas calibre/ref 39,Correderas,653,0.0,0.0,0.0,39141962443.57715,100.00000000000004,63.86363636363637,C
MP-0420,Adhesivos calibre/ref 30,Adhesivos,13429,0.0,0.0,0.0,39141962443.57715,100.00000000000004,64.0909090909091,C
MP-90038,Adhesivos (dup),Adhesivos,339193,0.0,0.0,0.0,39141962443.57715,100.00000000000004,64.31818181818181,C
MP-0100,Pintura calibre/ref 33,Pintura,61699,0.0,0.0,0.0,39141962443.57715,100.00000000000004,64.54545454545455,C
MP-0050,Pintura calibre/ref 32,Pintura,63500,0.0,0.0,0.0,39141962443.57715,100.00000000000004,64.77272727272727,C
MP-0307,Pintura calibre/ref 23,Pintura,2975,0.0,0.0,0.0,39141962443.57715,100.00000000000004,65.0,C
MP-0104,Tubería calibre/ref 14,Tubería,71159,0.0,0.0,0.0,39141962443.57715,100.00000000000004,65.22727272727272,C
MP-0312,Vidrio calibre/ref 7,Vidrio,7466,0.0,0.0,0.0,39141962443.57715,100.00000000000004,65.45454545454545,C
MP-0107,Lámina calibre/ref 39,Lámina,69513,0.0,0.0,0.0,39141962443.57715,100.00000000000004,65.68181818181819,C
MP-90127,Pintura (dup),Pintura,19690,0.0,0.0,0.0,39141962443.57715,100.00000000000004,65.9090909090909,C
MP-0011,Adhesivos calibre/ref 36,Adhesivos,356026,0.0,0.0,0.0,39141962443.57715,100.00000000000004,66.13636363636364,C
MP-0310,Pintura calibre/ref 7,Pintura,11146,0.0,0.0,0.0,39141962443.57715,100.00000000000004,66.36363636363637,C
MP-0372,Pintura calibre/ref 3,Pintura,7801,0.0,0.0,0.0,39141962443.57715,100.00000000000004,66.5909090909091,C
MP-90185,Tornillería (dup),Tornillería,13693,0.0,0.0,0.0,39141962443.57715,100.00000000000004,66.81818181818183,C
MP-0084,Adhesivos calibre/ref 1,Adhesivos,26907,0.0,0.0,0.0,39141962443.57715,100.00000000000004,67.04545454545455,C
MP-0306,Lámina calibre/ref 22,Lámina,6945,0.0,0.0,0.0,39141962443.57715,100.00000000000004,67.27272727272727,C
MP-0328,Empaque calibre/ref 17,Empaque,11117,0.0,0.0,0.0,39141962443.57715,100.00000000000004,67.5,C
MP-0243,Vidrio calibre/ref 37,Vidrio,7117,0.0,0.0,0.0,39141962443.57715,100.00000000000004,67.72727272727272,C
MP-0281,Lámina calibre/ref 27,Lámina,7868,0.0,0.0,0.0,39141962443.57715,100.00000000000004,67.95454545454545,C
MP-0160,Correderas calibre/ref 31,Correderas,6056,0.0,0.0,0.0,39141962443.57715,100.00000000000004,68.18181818181817,C
MP-0097,Vidrio calibre/ref 31,Vidrio,56581,0.0,0.0,0.0,39141962443.57715,100.00000000000004,68.4090909090909,C
MP-0308,Tubería calibre/ref 29,Tubería,8450,0.0,0.0,0.0,39141962443.57715,100.00000000000004,68.63636363636364,C
MP-0417,Correderas calibre/ref 3,Correderas,13045,0.0,0.0,0.0,39141962443.57715,100.00000000000004,68.86363636363636,C
MP-0135,Tubería calibre/ref 34,Tubería,25279,0.0,0.0,0.0,39141962443.57715,100.00000000000004,69.0909090909091,C
MP-0252,Correderas calibre/ref 9,Correderas,8477,0.0,0.0,0.0,39141962443.57715,100.00000000000004,69.31818181818183,C
MP-0332,Vidrio calibre/ref 35,Vidrio,6819,0.0,0.0,0.0,39141962443.57715,100.00000000000004,69.54545454545455,C
MP-0257,Adhesivos calibre/ref 13,Adhesivos,3868,0.0,0.0,0.0,39141962443.57715,100.00000000000004,69.77272727272728,C
MP-0065,Adhesivos calibre/ref 1,Adhesivos,35988,0.0,0.0,0.0,39141962443.57715,100.00000000000004,70.0,C
MP-0176,Tubería calibre/ref 37,Tubería,579,0.0,0.0,0.0,39141962443.57715,100.00000000000004,70.22727272727273,C
MP-0295,Pintura calibre/ref 28,Pintura,12068,0.0,0.0,0.0,39141962443.57715,100.00000000000004,70.45454545454545,C
MP-0361,Tubería calibre/ref 32,Tubería,1316,0.0,0.0,0.0,39141962443.57715,100.00000000000004,70.68181818181817,C
MP-0271,Vidrio calibre/ref 17,Vidrio,6198,0.0,0.0,0.0,39141962443.57715,100.00000000000004,70.9090909090909,C
MP-0165,Lámina calibre/ref 3,Lámina,14129,0.0,0.0,0.0,39141962443.57715,100.00000000000004,71.13636363636363,C
MP-0290,Tubería calibre/ref 40,Tubería,14877,0.0,0.0,0.0,39141962443.57715,100.00000000000004,71.36363636363636,C
MP-0224,Pintura calibre/ref 3,Pintura,14481,0.0,0.0,0.0,39141962443.57715,100.00000000000004,71.5909090909091,C
MP-0403,Vidrio calibre/ref 10,Vidrio,7247,0.0,0.0,0.0,39141962443.57715,100.00000000000004,71.81818181818181,C
MP-0041,Empaque calibre/ref 15,Empaque,33775,0.0,0.0,0.0,39141962443.57715,100.00000000000004,72.04545454545455,C
MP-0359,Tubería calibre/ref 1,Tubería,13436,0.0,0.0,0.0,39141962443.57715,100.00000000000004,72.27272727272728,C
MP-0315,Tornillería calibre/ref 19,Tornillería,447,0.0,0.0,0.0,39141962443.57715,100.00000000000004,72.5,C
MP-0311,Empaque calibre/ref 20,Empaque,4693,0.0,0.0,0.0,39141962443.57715,100.00000000000004,72.72727272727273,C
MP-0235,Empaque calibre/ref 3,Empaque,6681,0.0,0.0,0.0,39141962443.57715,100.00000000000004,72.95454545454545,C
MP-0177,Pintura calibre/ref 4,Pintura,929,0.0,0.0,0.0,39141962443.57715,100.00000000000004,73.18181818181819,C
MP-0249,Vidrio calibre/ref 19,Vidrio,13337,0.0,0.0,0.0,39141962443.57715,100.00000000000004,73.4090909090909,C
MP-0283,Empaque calibre/ref 40,Empaque,10720,0.0,0.0,0.0,39141962443.57715,100.00000000000004,73.63636363636363,C
MP-0287,Lámina calibre/ref 3,Lámina,13398,0.0,0.0,0.0,39141962443.57715,100.00000000000004,73.86363636363636,C
MP-0331,Adhesivos calibre/ref 13,Adhesivos,14953,0.0,0.0,0.0,39141962443.57715,100.00000000000004,74.0909090909091,C
MP-0300,Adhesivos calibre/ref 39,Adhesivos,6323,0.0,0.0,0.0,39141962443.57715,100.00000000000004,74.31818181818181,C
MP-0075,Tubería calibre/ref 3,Tubería,30143,0.0,0.0,0.0,39141962443.57715,100.00000000000004,74.54545454545455,C
MP-0048,Lámina calibre/ref 18,Lámina,15566,0.0,0.0,0.0,39141962443.57715,100.00000000000004,74.77272727272727,C
MP-0246,Empaque calibre/ref 37,Empaque,10117,0.0,0.0,0.0,39141962443.57715,100.00000000000004,75.0,C
MP-0313,Tubería calibre/ref 38,Tubería,12338,0.0,0.0,0.0,39141962443.57715,100.00000000000004,75.22727272727273,C
MP-0038,Adhesivos calibre/ref 34,Adhesivos,307900,0.0,0.0,0.0,39141962443.57715,100.00000000000004,75.45454545454545,C
MP-0382,Adhesivos calibre/ref 5,Adhesivos,12199,0.0,0.0,0.0,39141962443.57715,100.00000000000004,75.68181818181819,C
MP-0305,Lámina calibre/ref 30,Lámina,4165,0.0,0.0,0.0,39141962443.57715,100.00000000000004,75.9090909090909,C
MP-0259,Tubería calibre/ref 17,Tubería,1924,0.0,0.0,0.0,39141962443.57715,100.00000000000004,76.13636363636364,C
MP-0218,Pintura calibre/ref 24,Pintura,10287,0.0,0.0,0.0,39141962443.57715,100.00000000000004,76.36363636363637,C
MP-0256,Pintura calibre/ref 23,Pintura,1070,0.0,0.0,0.0,39141962443.57715,100.00000000000004,76.5909090909091,C
MP-0023,Adhesivos calibre/ref 3,Adhesivos,120113,0.0,0.0,0.0,39141962443.57715,100.00000000000004,76.81818181818181,C
MP-0222,Tubería calibre/ref 3,Tubería,1810,0.0,0.0,0.0,39141962443.57715,100.00000000000004,77.04545454545455,C
MP-0174,Adhesivos calibre/ref 40,Adhesivos,13913,0.0,0.0,0.0,39141962443.57715,100.00000000000004,77.27272727272727,C
MP-0126,Vidrio calibre/ref 16,Vidrio,42475,0.0,0.0,0.0,39141962443.57715,100.00000000000004,77.5,C
MP-0017,Correderas calibre/ref 12,Correderas,165823,0.0,0.0,0.0,39141962443.57715,100.00000000000004,77.72727272727272,C
MP-0057,Tornillería calibre/ref 18,Tornillería,65040,0.0,0.0,0.0,39141962443.57715,100.00000000000004,77.95454545454545,C
MP-0234,Vidrio calibre/ref 13,Vidrio,13458,0.0,0.0,0.0,39141962443.57715,100.00000000000004,78.18181818181819,C
MP-0396,Lámina calibre/ref 35,Lámina,4858,0.0,0.0,0.0,39141962443.57715,100.00000000000004,78.4090909090909,C
MP-0351,Tubería calibre/ref 15,Tubería,11483,0.0,0.0,0.0,39141962443.57715,100.00000000000004,78.63636363636364,C
MP-0329,Vidrio calibre/ref 2,Vidrio,4253,0.0,0.0,0.0,39141962443.57715,100.00000000000004,78.86363636363637,C
MP-0172,Correderas calibre/ref 21,Correderas,11722,0.0,0.0,0.0,39141962443.57715,100.00000000000004,79.0909090909091,C
MP-0191,Correderas calibre/ref 34,Correderas,12700,0.0,0.0,0.0,39141962443.57715,100.00000000000004,79.31818181818183,C
MP-0297,Tornillería calibre/ref 7,Tornillería,7673,0.0,0.0,0.0,39141962443.57715,100.00000000000004,79.54545454545455,C
MP-0092,Pintura calibre/ref 37,Pintura,22184,0.0,0.0,0.0,39141962443.57715,100.00000000000004,79.77272727272727,C
MP-0220,Tubería calibre/ref 13,Tubería,1498,0.0,0.0,0.0,39141962443.57715,100.00000000000004,80.0,C
MP-90206,Adhesivos (dup),Adhesivos,15129,0.0,0.0,0.0,39141962443.57715,100.00000000000004,80.22727272727272,C
MP-0152,Tubería calibre/ref 6,Tubería,10764,0.0,0.0,0.0,39141962443.57715,100.00000000000004,80.45454545454545,C
MP-0154,Adhesivos calibre/ref 5,Adhesivos,14258,0.0,0.0,0.0,39141962443.57715,100.00000000000004,80.68181818181817,C
MP-0145,Tubería calibre/ref 22,Tubería,22774,0.0,0.0,0.0,39141962443.57715,100.00000000000004,80.9090909090909,C
MP-0365,Empaque calibre/ref 30,Empaque,1744,0.0,0.0,0.0,39141962443.57715,100.00000000000004,81.13636363636364,C
MP-0052,Vidrio calibre/ref 30,Vidrio,35381,0.0,0.0,0.0,39141962443.57715,100.00000000000004,81.36363636363636,C
MP-0322,Empaque calibre/ref 22,Empaque,8687,0.0,0.0,0.0,39141962443.57715,100.00000000000004,81.5909090909091,C
MP-0389,Adhesivos calibre/ref 16,Adhesivos,2311,0.0,0.0,0.0,39141962443.57715,100.00000000000004,81.81818181818183,C
MP-0360,Tubería calibre/ref 25,Tubería,2148,0.0,0.0,0.0,39141962443.57715,100.00000000000004,82.04545454545455,C
MP-0337,Tornillería calibre/ref 1,Tornillería,3350,0.0,0.0,0.0,39141962443.57715,100.00000000000004,82.27272727272728,C
MP-0323,Adhesivos calibre/ref 14,Adhesivos,1501,0.0,0.0,0.0,39141962443.57715,100.00000000000004,82.5,C
MP-0156,Lámina calibre/ref 37,Lámina,13196,0.0,0.0,0.0,39141962443.57715,100.00000000000004,82.72727272727273,C
MP-0098,Empaque calibre/ref 2,Empaque,16242,0.0,0.0,0.0,39141962443.57715,100.00000000000004,82.95454545454545,C
MP-0379,Lámina calibre/ref 14,Lámina,12817,0.0,0.0,0.0,39141962443.57715,100.00000000000004,83.18181818181817,C
MP-0226,Adhesivos calibre/ref 13,Adhesivos,7832,0.0,0.0,0.0,39141962443.57715,100.00000000000004,83.4090909090909,C
MP-0200,Lámina calibre/ref 30,Lámina,13801,0.0,0.0,0.0,39141962443.57715,100.00000000000004,83.63636363636363,C
MP-0144,Adhesivos calibre/ref 17,Adhesivos,49362,0.0,0.0,0.0,39141962443.57715,100.00000000000004,83.86363636363636,C
MP-0207,Tubería calibre/ref 11,Tubería,1443,0.0,0.0,0.0,39141962443.57715,100.00000000000004,84.0909090909091,C
MP-0285,Pintura calibre/ref 15,Pintura,11740,0.0,0.0,0.0,39141962443.57715,100.00000000000004,84.31818181818181,C
MP-0123,Tubería calibre/ref 14,Tubería,29806,0.0,0.0,0.0,39141962443.57715,100.00000000000004,84.54545454545455,C
MP-0241,Adhesivos calibre/ref 30,Adhesivos,6469,0.0,0.0,0.0,39141962443.57715,100.00000000000004,84.77272727272728,C
MP-0066,Pintura calibre/ref 18,Pintura,21206,0.0,0.0,0.0,39141962443.57715,100.00000000000004,85.0,C
MP-0349,Empaque calibre/ref 23,Empaque,3496,0.0,0.0,0.0,39141962443.57715,100.00000000000004,85.22727272727273,C
MP-0284,Pintura calibre/ref 19,Pintura,4906,0.0,0.0,0.0,39141962443.57715,100.00000000000004,85.45454545454545,C
MP-0151,Lámina calibre/ref 34,Lámina,14596,0.0,0.0,0.0,39141962443.57715,100.00000000000004,85.68181818181819,C
MP-0270,Tornillería calibre/ref 8,Tornillería,5780,0.0,0.0,0.0,39141962443.57715,100.00000000000004,85.9090909090909,C
MP-0055,Tornillería calibre/ref 27,Tornillería,43990,0.0,0.0,0.0,39141962443.57715,100.00000000000004,86.13636363636363,C
MP-0247,Pintura calibre/ref 15,Pintura,3903,0.0,0.0,0.0,39141962443.57715,100.00000000000004,86.36363636363636,C
MP-0056,Adhesivos calibre/ref 8,Adhesivos,18750,0.0,0.0,0.0,39141962443.57715,100.00000000000004,86.5909090909091,C
MP-0003,Tornillería calibre/ref 31,Tornillería,178655,0.0,0.0,0.0,39141962443.57715,100.00000000000004,86.81818181818181,C
MP-0214,Tubería calibre/ref 5,Tubería,5690,0.0,0.0,0.0,39141962443.57715,100.00000000000004,87.04545454545455,C
MP-0334,Tornillería calibre/ref 3,Tornillería,9561,0.0,0.0,0.0,39141962443.57715,100.00000000000004,87.27272727272727,C
MP-0404,Correderas calibre/ref 5,Correderas,5831,0.0,0.0,0.0,39141962443.57715,100.00000000000004,87.5,C
MP-0342,Adhesivos calibre/ref 8,Adhesivos,973,0.0,0.0,0.0,39141962443.57715,100.00000000000004,87.72727272727273,C
MP-0213,Vidrio calibre/ref 15,Vidrio,13735,0.0,0.0,0.0,39141962443.57715,100.00000000000004,87.95454545454545,C
MP-0228,Adhesivos calibre/ref 29,Adhesivos,3210,0.0,0.0,0.0,39141962443.57715,100.00000000000004,88.18181818181819,C
MP-0384,Correderas calibre/ref 33,Correderas,14848,0.0,0.0,0.0,39141962443.57715,100.00000000000004,88.4090909090909,C
MP-0029,Empaque calibre/ref 36,Empaque,310652,0.0,0.0,0.0,39141962443.57715,100.00000000000004,88.63636363636364,C
MP-0378,Tubería calibre/ref 25,Tubería,6961,0.0,0.0,0.0,39141962443.57715,100.00000000000004,88.86363636363637,C
MP-0381,Correderas calibre/ref 25,Correderas,3956,0.0,0.0,0.0,39141962443.57715,100.00000000000004,89.0909090909091,C
MP-0336,Tornillería calibre/ref 24,Tornillería,10058,0.0,0.0,0.0,39141962443.57715,100.00000000000004,89.31818181818181,C
MP-0090,Correderas calibre/ref 35,Correderas,48252,0.0,0.0,0.0,39141962443.57715,100.00000000000004,89.54545454545455,C
MP-0231,Vidrio calibre/ref 19,Vidrio,13541,0.0,0.0,0.0,39141962443.57715,100.00000000000004,89.77272727272727,C
MP-0412,Tornillería calibre/ref 3,Tornillería,1187,0.0,0.0,0.0,39141962443.57715,100.00000000000004,90.0,C
MP-0399,Correderas calibre/ref 26,Correderas,5285,0.0,0.0,0.0,39141962443.57715,100.00000000000004,90.22727272727272,C
MP-0347,Correderas calibre/ref 37,Correderas,7263,0.0,0.0,0.0,39141962443.57715,100.00000000000004,90.45454545454545,C
MP-0049,Tubería calibre/ref 22,Tubería,27515,0.0,0.0,0.0,39141962443.57715,100.00000000000004,90.68181818181819,C
MP-0260,Tornillería calibre/ref 38,Tornillería,3134,0.0,0.0,0.0,39141962443.57715,100.00000000000004,90.9090909090909,C
MP-0335,Correderas calibre/ref 16,Correderas,6995,0.0,0.0,0.0,39141962443.57715,100.00000000000004,91.13636363636364,C
MP-0058,Empaque calibre/ref 13,Empaque,64400,0.0,0.0,0.0,39141962443.57715,100.00000000000004,91.36363636363637,C
MP-0159,Pintura calibre/ref 5,Pintura,4449,0.0,0.0,0.0,39141962443.57715,100.00000000000004,91.5909090909091,C
MP-0163,Tornillería calibre/ref 21,Tornillería,6781,0.0,0.0,0.0,39141962443.57715,100.00000000000004,91.81818181818183,C
MP-0221,Tornillería calibre/ref 9,Tornillería,3107,0.0,0.0,0.0,39141962443.57715,100.00000000000004,92.04545454545455,C
MP-0175,Vidrio calibre/ref 36,Vidrio,7539,0.0,0.0,0.0,39141962443.57715,100.00000000000004,92.27272727272727,C
MP-0212,Adhesivos calibre/ref 28,Adhesivos,14895,0.0,0.0,0.0,39141962443.57715,100.00000000000004,92.5,C
MP-0402,Tubería calibre/ref 14,Tubería,7198,0.0,0.0,0.0,39141962443.57715,100.00000000000004,92.72727272727272,C
MP-0303,Vidrio calibre/ref 6,Vidrio,8849,0.0,0.0,0.0,39141962443.57715,100.00000000000004,92.95454545454545,C
MP-0250,Correderas calibre/ref 9,Correderas,12978,0.0,0.0,0.0,39141962443.57715,100.00000000000004,93.18181818181817,C
MP-0127,Pintura calibre/ref 17,Pintura,17887,0.0,0.0,0.0,39141962443.57715,100.00000000000004,93.4090909090909,C
MP-90337,Tornillería (dup),Tornillería,3467,0.0,0.0,0.0,39141962443.57715,100.00000000000004,93.63636363636364,C
MP-0333,Tornillería calibre/ref 2,Tornillería,13687,0.0,0.0,0.0,39141962443.57715,100.00000000000004,93.86363636363636,C
MP-0146,Lámina calibre/ref 23,Lámina,31220,0.0,0.0,0.0,39141962443.57715,100.00000000000004,94.0909090909091,C
MP-0376,Tornillería calibre/ref 37,Tornillería,4456,0.0,0.0,0.0,39141962443.57715,100.00000000000004,94.31818181818183,C
MP-0354,Tornillería calibre/ref 38,Tornillería,11160,0.0,0.0,0.0,39141962443.57715,100.00000000000004,94.54545454545455,C
MP-0362,Tubería calibre/ref 26,Tubería,10899,0.0,0.0,0.0,39141962443.57715,100.00000000000004,94.77272727272728,C
MP-0185,Tornillería calibre/ref 6,Tornillería,12045,0.0,0.0,0.0,39141962443.57715,100.00000000000004,95.0,C
MP-90289,Adhesivos (dup),Adhesivos,11160,0.0,0.0,0.0,39141962443.57715,100.00000000000004,95.22727272727273,C
MP-0208,Adhesivos calibre/ref 8,Adhesivos,8505,0.0,0.0,0.0,39141962443.57715,100.00000000000004,95.45454545454545,C
MP-0292,Tornillería calibre/ref 5,Tornillería,12482,0.0,0.0,0.0,39141962443.57715,100.00000000000004,95.68181818181817,C
MP-0366,Pintura calibre/ref 22,Pintura,8061,0.0,0.0,0.0,39141962443.57715,100.00000000000004,95.9090909090909,C
MP-0367,Tornillería calibre/ref 14,Tornillería,13259,0.0,0.0,0.0,39141962443.57715,100.00000000000004,96.13636363636363,C
MP-0375,Adhesivos calibre/ref 31,Adhesivos,2599,0.0,0.0,0.0,39141962443.57715,100.00000000000004,96.36363636363636,C
MP-0119,Tubería calibre/ref 23,Tubería,55990,0.0,0.0,0.0,39141962443.57715,100.00000000000004,96.5909090909091,C
MP-0183,Tubería calibre/ref 20,Tubería,12482,0.0,0.0,0.0,39141962443.57715,100.00000000000004,96.81818181818181,C
MP-0352,Tubería calibre/ref 27,Tubería,1179,0.0,0.0,0.0,39141962443.57715,100.00000000000004,97.04545454545455,C
MP-0416,Adhesivos calibre/ref 8,Adhesivos,13658,0.0,0.0,0.0,39141962443.57715,100.00000000000004,97.27272727272728,C
MP-0324,Lámina calibre/ref 24,Lámina,14311,0.0,0.0,0.0,39141962443.57715,100.00000000000004,97.5,C
MP-0187,Adhesivos calibre/ref 6,Adhesivos,11831,0.0,0.0,0.0,39141962443.57715,100.00000000000004,97.72727272727273,C
MP-0278,Empaque calibre/ref 8,Empaque,631,0.0,0.0,0.0,39141962443.57715,100.00000000000004,97.95454545454545,C
MP-0353,Correderas calibre/ref 25,Correderas,10667,0.0,0.0,0.0,39141962443.57715,100.00000000000004,98.18181818181819,C
MP-0195,Pintura calibre/ref 34,Pintura,6770,0.0,0.0,0.0,39141962443.57715,100.00000000000004,98.4090909090909,C
MP-0110,Correderas calibre/ref 37,Correderas,70066,0.0,0.0,0.0,39141962443.57715,100.00000000000004,98.63636363636363,C
MP-0203,Adhesivos calibre/ref 22,Adhesivos,13450,0.0,0.0,0.0,39141962443.57715,100.00000000000004,98.86363636363636,C
MP-0387,Tubería calibre/ref 15,Tubería,10078,0.0,0.0,0.0,39141962443.57715,100.00000000000004,99.0909090909091,C
MP-0410,Tubería calibre/ref 5,Tubería,4345,0.0,0.0,0.0,39141962443.57715,100.00000000000004,99.31818181818181,C
MP-0109,Correderas calibre/ref 18,Correderas,60010,0.0,0.0,0.0,39141962443.57715,100.00000000000004,99.54545454545455,C
MP-0264,Tornillería calibre/ref 10,Tornillería,13222,0.0,0.0,0.0,39141962443.57715,100.00000000000004,99.77272727272727,C
MP-0219,Correderas calibre/ref 28,Correderas,7896,0.0,0.0,0.0,39141962443.57715,100.00000000000004,100.0,C
