sku,descripcion,categoria,unidad,costo_unitario,proveedor,lead_time_declarado_dias,stock_min,stock_max,consumo_dependiente_plan,consumo_dependiente_real,salidas_kardex_21m,demanda_anual_d,consumo_diario_d,valor_consumo_anual,valor_acumulado,pct_valor_acumulado,pct_sku_acumulado,clasificacion_abc,lead_time_real_est,sigma_diario,C_c,EOQ,SS_95,ROP
MP-0008,Correderas calibre/ref 39,Correderas,par,310890,PROV-20,20,100,500,16768.66,16221.2,14704.4,9582.091428571428,26.252305283757337,2978976404.2285714,2978976404.2285714,7.610697620291126,0.22727272727272727,A,23.56053811659193,38.02988256579626,68395.8,205.01048153282315,303.6571344213016,922.175573707674
MP-0024,Vidrio calibre/ref 33,Vidrio,m2,223650,PROV-31,20,100,500,19792.93,19196.61,17465.4,11310.245714285715,30.98697455968689,2529536454.0,5508512858.228571,14.073164742746494,0.45454545454545453,A,20.402439024390244,52.37553019453579,49203.0,262.6037089813629,389.16643761910103,1021.3762966234444
MP-0001,Adhesivos calibre/ref 25,Adhesivos,kg,299035,PROV-02,26,100,500,12833.46,12243.33,11278.5,7333.405714285714,20.091522504892367,2192944977.7714286,7701457836.0,19.675706978416315,0.6818181818181818,A,24.979591836734695,58.54564395165781,65787.7,182.86943876095773,481.341335284149,983.2193668349298
MP-0013,Adhesivos calibre/ref 1,Adhesivos,kg,361794,PROV-06,18,100,500,8145.83,7902.299999999999,7132.0,4654.759999999999,12.752767123287668,1684064239.4399998,9385522075.44,23.978159217155156,0.9090909090909091,A,24.979591836734695,24.923573308104203,79594.68000000001,132.4546634936846,204.9127013801604,523.4716189088156
MP-0020,Lámina calibre/ref 1,Lámina,lámina,248445,PROV-29,15,100,500,11343.619999999999,11055.9,9871.0,6482.06857142857,17.75909197651663,1610437526.2285712,10995959601.668571,28.092509713888695,1.1363636363636365,A,20.77570093457944,25.815486843525804,54657.9,188.62140129839557,193.5637665471558,562.5213503209545
MP-0010,Pintura calibre/ref 33,Pintura,kg,244981,PROV-24,20,100,500,11502.0,11105.82,10099.3,6572.571428571428,18.007045009784736,1610155121.142857,12606114722.811428,32.20613872128423,1.3636363636363635,A,21.453333333333333,49.921324239819015,53895.82,191.27171094671135,380.36398589830594,766.6751248415544
MP-0022,Correderas calibre/ref 1,Correderas,par,173118,PROV-07,13,100,500,15643.89,15061.61,13591.4,8939.365714285714,24.49141291585127,1547565113.7257142,14153679836.537142,36.1598625948803,1.5909090909090908,A,23.56053811659193,43.72881872077366,38085.96,265.35759738341926,349.16141961272643,926.1922871458321
MP-0004,Vidrio calibre/ref 33,Vidrio,m2,385136,PROV-20,12,100,500,7016.099999999999,6947.849999999999,6436.7,4009.1999999999994,10.984109589041093,1544087251.1999998,15697767087.73714,40.10470121513545,1.8181818181818181,A,20.402439024390244,21.178399176204667,84729.92,119.14370193815382,157.3620759783494,381.46470210598045
MP-0026,Empaque calibre/ref 21,Empaque,unidad,393154,PROV-28,11,100,500,6817.7699999999995,6680.44,5911.2,3895.868571428571,10.67361252446184,1531676312.3314285,17229443400.06857,44.01783233251192,2.0454545454545454,A,22.625,26.3229775644235,86493.88,116.24387702335555,205.96584589471462,447.4563292606638
MP-0012,Tubería calibre/ref 22,Tubería,m,260365,PROV-29,14,100,500,9721.779999999999,9433.82,8575.4,5555.302857142856,15.220007827788645,1446406428.3999996,18675849828.468567,47.71311570131333,2.272727272727273,A,20.353932584269664,34.5842125042581,57280.3,170.5736157476715,256.66577353717497,566.4527867960417
MP-0014,Vidrio calibre/ref 37,Vidrio,m2,234603,PROV-26,9,100,500,10428.26,9948.73,9293.7,5959.005714285714,16.326043052837573,1398000617.5885713,20073850446.057137,51.28473176324119,2.5,A,20.402439024390244,47.57323410797361,51612.66,186.10987061572334,353.48388789677796,686.5749857918665
MP-0016,Adhesivos calibre/ref 24,Adhesivos,kg,142723,PROV-30,15,100,500,16537.34,15922.4,15129.800000000001,9449.90857142857,25.890160469667315,1348719301.0399997,21422569747.097137,54.730443773680534,2.727272727272727,A,24.979591836734695,56.081995191281486,31399.06,300.4803713808761,461.086096739504,1107.811737859357
MP-0009,Empaque calibre/ref 27,Empaque,unidad,256746,PROV-10,18,100,500,8255.45,7956.75,7336.7,4717.400000000001,12.924383561643838,1211173580.4,22633743327.49714,57.82475357520339,2.9545454545454546,A,22.625,30.445072443847323,56484.12,158.2882928444725,238.21944473705338,530.6336228192451
MP-0036,Tubería calibre/ref 20,Tubería,m,339654,PROV-32,11,100,500,5030.64,5030.64,4460.7,2874.651428571429,7.8757573385518596,976386856.32,23610130183.81714,60.31922956814181,3.1818181818181817,A,20.353932584269664,17.273099515059332,74723.88,107.42949041651184,128.1918287967798,288.4944627157314
MP-0005,Adhesivos calibre/ref 2,Adhesivos,kg,141286,PROV-15,14,100,500,10153.15,9918.23,9130.2,5801.799999999999,15.895342465753423,819713114.8,24429843298.617138,62.41343502853896,3.4090909090909087,A,24.979591836734695,33.52829012109691,31082.920000000002,236.63615436692746,275.65760400567154,672.7167709053081
MP-0051,Correderas calibre/ref 32,Correderas,par,68499,PROV-15,23,100,500,17539.82,17188.05,16071.0,10022.754285714285,27.459600782778864,686548645.8171428,25116391944.43428,64.16743151455266,3.6363636363636362,A,23.56053811659193,33.14365239115021,15069.78,446.68432548909453,264.64206119858346,911.6050321076425
MP-0128,Pintura calibre/ref 15,Pintura,kg,56497,PROV-22,8,100,500,17572.059999999998,17125.19,15592.3,10041.177142857141,27.510074363992167,567296385.0399998,25683688329.47428,65.6167619763499,3.8636363636363633,A,21.453333333333333,54.423327184884755,12429.34,492.2989479652894,414.6659562644134,1004.8487516199255
MP-0033,Pintura calibre/ref 16,Pintura,kg,157770,PROV-15,16,100,500,6198.839999999999,6138.539999999999,5787.6,3542.194285714285,9.704641878669273,558851992.4571427,26242540321.931423,67.04451867930705,4.090909090909091,A,21.453333333333333,18.711464766668737,34709.4,174.97389649601269,142.5676788230896,350.7645959268077
MP-0015,Empaque calibre/ref 15,Empaque,unidad,151416,PROV-03,15,100,500,6413.889999999999,6223.91,5745.1,3665.0799999999995,10.04131506849315,554951753.28,26797492075.211422,68.4623110398203,4.318181818181818,A,22.625,22.81674083747379,33311.52,181.6791677386309,178.5310691257922,405.71582255044973
MP-0037,Pintura calibre/ref 28,Pintura,kg,101283,PROV-34,13,100,500,9117.87,9025.02,8830.4,5210.211428571429,14.274551859099805,527705844.12,27325197919.33142,69.8104954720155,4.545454545454546,A,21.453333333333333,34.522382911049796,22282.26,264.85530866930674,263.0353133998127,569.2720326170338
MP-0019,Vidrio calibre/ref 29,Vidrio,m2,81958,PROV-31,17,100,500,11192.390000000001,10796.89,9984.0,6395.651428571429,17.522332681017616,524174799.7828572,27849372719.114277,71.1496587818226,4.772727272727273,A,20.402439024390244,31.69198157738937,18030.76,326.2090489311479,235.4812548102762,592.9795788998185
MP-0143,Pintura calibre/ref 19,Pintura,kg,78410,PROV-10,11,100,500,11036.650000000001,10763.43,9828.6,6306.657142857143,17.278512720156556,494504986.5714286,28343877705.685707,72.41302156615987,5.0,A,21.453333333333333,41.901735821717644,17250.2,331.17929002259115,319.2605864508239,689.9422793405826
MP-0077,Tubería calibre/ref 26,Tubería,m,66191,PROV-34,17,100,500,12022.5,11587.5,10806.2,6870.0,18.82191780821918,454732170.0,28798609875.685707,73.57477264252834,5.227272727272727,A,20.353932584269664,44.337484141525216,14562.02,376.20813667879986,329.04940838180636,712.1494545569642
MP-0111,Adhesivos calibre/ref 34,Adhesivos,kg,71165,PROV-08,9,100,500,10480.59,10269.48,9187.8,5988.908571428571,16.4079686888454,426200678.48571426,29224810554.17142,74.66363138102435,5.454545454545454,A,24.979591836734695,40.46489327623567,15656.3,338.7582663529585,332.6878730345287,742.5522337518098
MP-0118,Vidrio calibre/ref 21,Vidrio,m2,71465,PROV-09,5,100,500,9898.56,9797.76,9178.6,5656.32,15.49676712328767,404228908.79999995,29629039462.97142,75.69635657813906,5.681818181818182,A,20.402439024390244,37.4782573767778,15722.3,328.52586959495966,278.4750790554108,594.6469253634629
MP-0101,Correderas calibre/ref 14,Correderas,par,70351,PROV-16,7,100,500,9669.0,9457.8,8436.6,5525.142857142857,15.137377690802348,388699325.14285713,30017738788.114277,76.68940674955846,5.909090909090909,A,23.56053811659193,44.16234336432535,15477.22,327.25470951377537,352.62298304864197,709.267747118039
MP-0002,Adhesivos calibre/ref 23,Adhesivos,kg,98702,PROV-02,23,100,500,6534.0,6308.94,6012.4,3733.7142857142853,10.229354207436398,368525067.4285714,30386263855.542847,77.6309156684324,6.136363636363637,A,24.979591836734695,28.359062126845547,21714.44,227.1207696568709,233.15806113283756,488.6831539879835
MP-0030,Correderas calibre/ref 5,Correderas,par,284982,PROV-27,16,100,500,2090.3199999999997,2023.04,1836.4,1194.4685714285713,3.2725166340508802,340402042.4228571,30726665897.965702,78.50057580086327,6.363636363636363,A,23.56053811659193,9.55613300285497,62696.04,75.6010688360753,76.3028378742776,153.40509076801447
MP-0078,Pintura calibre/ref 14,Pintura,kg,56933,PROV-12,36,100,500,10083.04,9978.32,8900.6,5761.737142857143,15.78558121330724,328032980.75428575,31054698878.719986,79.33863541840836,6.59090909090909,A,21.453333333333333,42.422480108306765,12525.26,371.48730172017144,323.22827712203446,661.8816127515191
MP-0120,Pintura calibre/ref 2,Pintura,kg,57256,PROV-01,14,100,500,10001.099999999999,9679.199999999999,8982.300000000001,5714.914285714284,15.657299412915847,327213132.34285706,31381912011.062843,80.17460048483683,6.8181818181818175,B,21.453333333333333,45.721153591245766,12596.32,368.9297226653199,348.3617569175671,684.2630203226552
MP-0071,Pintura calibre/ref 10,Pintura,kg,64609,PROV-18,10,100,500,8310.6,8143.200000000001,7353.099999999999,4748.914285714286,13.010724070450099,306822603.0857143,31688734614.148556,80.95847176755035,7.045454545454545,B,21.453333333333333,32.086699514195686,14213.98,316.5920046680641,244.47718700149917,523.6005873928887
MP-0039,Tubería calibre/ref 24,Tubería,m,395252,PROV-26,35,100,500,1334.75,1311.0,1232.3,762.7142857142857,2.089628180039139,301464346.85714287,31990198961.0057,81.72865376159754,7.2727272727272725,B,20.353932584269664,4.2788351404009655,86955.44,51.29714436782244,31.755256275210648,74.28740737791739
MP-0149,Tubería calibre/ref 15,Tubería,m,32103,PROV-34,5,100,500,16228.65,15684.029999999999,14713.3,9273.514285714286,25.406888454011742,297707629.1142857,32287906590.119984,82.48923808218042,7.5,B,20.353932584269664,44.200800068712404,7062.66,627.6227106413455,328.03501132782134,845.1651060968356
MP-0032,Pintura calibre/ref 22,Pintura,kg,196328,PROV-03,12,100,500,2613.3,2566.8,2325.5,1493.3142857142857,4.091272015655577,293179407.0857143,32581085997.205696,83.23825368789596,7.727272727272727,B,21.453333333333333,8.377508801206103,43192.16,101.84360776711614,63.830491038601586,151.60191334779924
MP-0073,Empaque calibre/ref 3,Empaque,unidad,45806,PROV-14,11,100,500,11018.04,10905.84,9991.7,6296.022857142857,17.249377690802348,288395622.9942857,32869481620.19998,83.97504766803941,7.954545454545454,B,22.625,41.71686981819911,10077.32,432.93355797638935,326.41635465274334,716.6835249071464
MP-0043,Vidrio calibre/ref 37,Vidrio,m2,79081,PROV-31,11,100,500,5784.42,5598.24,4884.2,3305.382857142857,9.055843444227007,261392981.7257143,33130874601.925697,84.64285522138452,8.181818181818182,B,20.402439024390244,26.4441266716935,17397.82,238.73939881549597,196.48806483766853,381.24935852293413
MP-0074,Empaque calibre/ref 27,Empaque,unidad,57757,PROV-01,6,100,500,7696.21,7302.11,6578.7,4397.834285714285,12.048861056751466,254005714.83999997,33384880316.765697,85.29178976370888,8.409090909090908,B,22.625,31.648253940653085,12706.54,322.2303208594662,247.6338164261209,520.2392978351228
MP-0085,Empaque calibre/ref 20,Empaque,unidad,42369,PROV-25,11,100,500,10389.1,10088.66,9592.2,5936.628571428571,16.264735812133072,251529015.94285715,33636409332.708553,85.9343968284554,8.636363636363637,B,22.625,35.55587560401591,9321.18,437.11440518403896,278.20925567349553,646.1989034230063
MP-0088,Vidrio calibre/ref 22,Vidrio,m2,42952,PROV-17,5,100,500,9870.05,9625.71,8847.3,5640.028571428571,15.452133072407044,242250507.2,33878659839.908554,86.55329913195948,8.863636363636363,B,20.402439024390244,37.472623273107715,9449.44,423.1537982683354,278.4332159172942,593.6944187238428
MP-0132,Lámina calibre/ref 4,Lámina,lámina,32995,PROV-09,25,100,500,12299.6,11733.119999999999,10806.6,7028.342857142857,19.25573385518591,231900172.57142857,34110560012.479984,87.14575837031707,9.090909090909092,B,20.77570093457944,41.105101741831874,7258.9,538.9539883973889,308.20485260181766,708.2562204530166
MP-0136,Tubería calibre/ref 19,Tubería,m,50144,PROV-03,24,100,500,7615.1,7479.6,6412.5,4351.4857142857145,11.92187866927593,218200899.65714288,34328760912.137127,87.70321866621225,9.318181818181818,B,20.353932584269664,24.411880485234988,11031.68,344.0001093317396,181.172093696465,423.8292084087498
MP-0150,Correderas calibre/ref 9,Correderas,par,40425,PROV-21,10,100,500,9144.0,8829.04,8082.3,5225.142857142857,14.31545988258317,211226400.0,34539987312.13713,88.24286049000808,9.545454545454547,B,23.56053811659193,39.687062149965676,8893.5,419.82989178739297,316.889213244573,654.1691514647164
MP-0129,Correderas calibre/ref 12,Correderas,par,38308,PROV-18,12,100,500,8851.5,8694.0,7704.0,5058.0,13.857534246575343,193761864.0,34733749176.13713,88.73788386621031,9.772727272727273,B,23.56053811659193,28.37543303634325,8427.76,424.32044717869945,226.56926875522464,553.0602325736411
MP-0076,Tornillería calibre/ref 19,Tornillería,unidad,29459,PROV-11,17,100,500,11413.36,11000.4,9945.9,6521.92,17.86827397260274,192129241.28,34925878417.41713,89.22873621311793,10.0,B,21.359223300970875,42.09105161168794,6480.9800000000005,549.4498009538229,319.9988420139042,701.6512957976521
MP-0047,Correderas calibre/ref 20,Correderas,par,60848,PROV-34,12,100,500,5514.78,5261.19,4973.7,3151.3028571428567,8.633706457925635,191750476.25142854,35117628893.66856,89.71862089002404,10.227272727272728,B,23.56053811659193,25.15816828444733,13386.56,265.7487341569248,200.88038071973986,404.2951508091627
MP-0142,Lámina calibre/ref 21,Lámina,lámina,34292,PROV-26,14,100,500,9768.37,9479.03,8492.8,5581.925714285714,15.292947162426614,191415396.5942857,35309044290.26284,90.20764950444318,10.454545454545453,B,20.77570093457944,34.74995154181845,7544.24,471.13449779211027,260.55412197087435,578.275818625775
MP-0094,Lámina calibre/ref 36,Lámina,lámina,40900,PROV-11,12,100,500,7409.139999999999,7029.74,6243.5,4233.794285714285,11.59943639921722,173162186.28571427,35482206476.54855,90.65004476384114,10.681818181818182,B,20.77570093457944,30.467768447307233,8998.0,375.7097877356769,228.44643816687827,469.4328598066902
MP-0137,Vidrio calibre/ref 12,Vidrio,m2,39144,PROV-09,6,100,500,7644.870000000001,7567.02,6965.9,4368.497142857143,11.968485322896283,171000452.16000003,35653206928.70856,91.08691721857944,10.909090909090908,B,20.402439024390244,28.945261277600714,8611.68,390.10607507049514,215.0722708776164,459.2585628923174
MP-0027,Pintura calibre/ref 17,Pintura,kg,179174,PROV-27,16,100,500,1579.2000000000003,1514.2400000000002,1341.6,902.4000000000001,2.472328767123288,161686617.60000002,35814893546.308556,91.49999466157446,11.136363636363637,B,21.453333333333333,5.374166353956677,39418.28,82.87267084283383,40.94721777514567,93.98691092583061
MP-0133,Tornillería calibre/ref 9,Tornillería,unidad,24738,PROV-01,9,100,500,11002.15,10761.83,9594.6,6286.942857142856,17.22450097847358,155526392.39999998,35970419938.70856,91.89733394323207,11.363636363636363,B,21.359223300970875,50.25139373728536,5442.36,588.6901250984824,382.03815751305285,749.9401201600613
MP-0108,Adhesivos calibre/ref 17,Adhesivos,kg,25925,PROV-06,12,100,500,9903.960000000001,9580.84,8671.4,5659.405714285715,15.505221135029355,146720093.14285716,36117140031.85142,92.27217486582086,11.59090909090909,B,24.979591836734695,22.762690168657254,5703.5,545.6012025911486,187.146693432699,574.4607887240445
MP-0060,Correderas calibre/ref 39,Correderas,par,33628,PROV-25,17,100,500,7472.639999999999,7305.839999999999,6658.0,4270.079999999999,11.69884931506849,143594250.23999998,36260734282.091415,92.63902987582958,11.818181818181818,B,23.56053811659193,30.865095280375638,7398.16,416.1182595854223,246.44847036442775,522.0796555723643
MP-0045,Correderas calibre/ref 3,Correderas,par,62696,PROV-09,6,100,500,3932.1,3893.85,3521.2,2246.9142857142856,6.155929549902153,140872538.05714285,36401606820.14856,92.99893144760236,12.045454545454545,B,23.56053811659193,11.869212725125694,13793.12,221.06634087959486,94.77208134189917,239.80909414542342
MP-0373,Tornillería calibre/ref 19,Tornillería,unidad,13149,PROV-03,10,100,500,18679.1,18300.63,16877.4,10673.771428571426,29.243209393346373,140349420.51428568,36541956240.66284,93.3574965571484,12.272727272727273,B,21.359223300970875,45.49959569382553,2892.78,1052.1117564246251,345.91242975934557,970.5246692288797
MP-0116,Pintura calibre/ref 38,Pintura,kg,49643,PROV-09,9,100,500,4751.7,4556.24,4302.1,2715.2571428571428,7.439060665362035,134793510.34285715,36676749751.0057,93.70186741115747,12.5,B,21.453333333333333,16.170482690030358,10921.460000000001,273.1025530168895,123.20725348414366,282.79990162504384
MP-0122,Pintura calibre/ref 13,Pintura,kg,31481,PROV-14,5,100,500,7417.799999999999,7076.16,6477.8,4238.742857142856,11.61299412915851,133439863.88571426,36810189614.89141,94.0427799652433,12.727272727272727,B,21.453333333333333,24.790190225743956,6925.82,428.4928334553612,188.8831217726403,438.02055582352085
MP-0139,Lámina calibre/ref 25,Lámina,lámina,22444,PROV-03,9,100,500,10242.12,10242.12,9693.0,5852.64,16.0346301369863,131356652.16000001,36941546267.051414,94.37837032392639,12.954545454545455,B,20.77570093457944,35.1671274440587,4937.68,596.3140780993459,263.6820947044423,596.8127750270643
MP-0080,Adhesivos calibre/ref 18,Adhesivos,kg,39838,PROV-24,10,100,500,5556.72,5556.72,5121.9,3175.2685714285712,8.699365949119374,126496349.34857142,37068042616.39999,94.70154356678798,13.18181818181818,B,24.979591836734695,19.07943671924854,8764.36,329.67859882133905,156.86430154386343,374.1709121912535
MP-0059,Lámina calibre/ref 34,Lámina,lámina,34481,PROV-24,10,100,500,6214.280000000001,6149.740000000001,5681.9,3551.017142857143,9.72881409001957,122442622.10285714,37190485238.502846,95.01436033543968,13.40909090909091,C,20.77570093457944,26.145405521296013,7585.82,374.74491208579855,196.03748715953597,398.1604191419052
MP-0102,Vidrio calibre/ref 26,Vidrio,m2,15942,PROV-34,20,100,500,11911.51,11558.69,10298.9,6806.5771428571425,18.648156555772992,108510452.81142856,37298995691.31428,95.29158315728425,13.636363636363635,C,20.402439024390244,42.37394726959419,3507.2400000000002,763.0311536603767,314.8515737314296,695.3194507778712
MP-0131,Tornillería calibre/ref 8,Tornillería,unidad,37576,PROV-35,9,100,500,4548.95,4339.4400000000005,4006.0,2599.3999999999996,7.121643835616437,97675054.39999999,37396670745.71428,95.54112367161284,13.863636363636363,C,21.359223300970875,15.20253118544555,8266.72,307.135891617439,115.57782922372925,267.69061017864345
MP-0117,Pintura calibre/ref 22,Pintura,kg,19690,PROV-27,10,100,500,8359.68,8173.08,7393.1,4776.96,13.087561643835617,94058342.4,37490729088.11428,95.78142419955797,14.09090909090909,C,21.453333333333333,34.528937525887855,4331.8,575.1779535011946,263.0852547718375,543.8570772375909
MP-0018,Adhesivos calibre/ref 8,Adhesivos,kg,91904,PROV-07,11,100,500,1517.19,1501.74,1363.8,866.9657142857143,2.375248532289628,79677617.00571428,37570406705.119995,95.984984808254,14.318181818181818,C,24.979591836734695,5.74443528245255,20218.88,113.4182759665668,47.22869137099638,106.56143021839443
MP-0199,Empaque calibre/ref 36,Empaque,unidad,13941,PROV-13,19,100,500,9368.28,9272.880000000001,8544.6,5353.302857142858,14.666583170254405,74630395.13142858,37645037100.25143,96.17565075976067,14.545454545454545,C,22.625,35.47049358873614,3067.02,723.624446280888,277.5411785550064,609.3726227820123
MP-0343,Correderas calibre/ref 18,Correderas,par,11205,PROV-11,11,100,500,11113.4,10838.28,9716.3,6350.5142857142855,17.39866927592955,71157512.57142857,37716194612.82285,96.35744418075738,14.772727272727273,C,23.56053811659193,42.193124805178826,2465.1,879.1192809852982,336.89936718721714,746.8213778407321
MP-0106,Correderas calibre/ref 37,Correderas,par,22268,PROV-24,10,100,500,5359.53,5199.3,4939.400000000001,3062.588571428571,8.39065362035225,68197722.30857141,37784392335.131424,96.53167592094383,15.0,C,23.56053811659193,16.398407387827117,4898.96,433.06492383747633,130.93633375926322,328.62464820469245
MP-0182,Vidrio calibre/ref 13,Vidrio,m2,7457,PROV-26,13,100,500,15947.66,15322.48,14431.2,9112.948571428571,24.966982387475536,67955257.49714285,37852347592.62857,96.70528821132172,15.227272727272728,C,20.402439024390244,59.67005469497734,1640.54,1290.91211047371,443.36701761166887,952.7543533951637
MP-0418,Pintura calibre/ref 21,Pintura,kg,14607,PROV-29,8,100,500,8106.3099999999995,7691.209999999999,7292.1,4632.177142857142,12.69089628180039,67662211.52571428,37920009804.15428,96.87815182699568,15.454545454545453,C,21.453333333333333,33.33466178829001,3213.54,657.5993146928821,253.98574696166568,526.24777519389
MP-0216,Empaque calibre/ref 28,Empaque,unidad,12449,PROV-16,12,100,500,9510.0,9072.0,8062.5,5434.285714285714,14.88845401174168,67651422.85714285,37987661227.01142,97.05098787974765,15.681818181818183,C,22.625,31.782295161210204,2738.78,771.5308347261413,248.68263065350982,585.5339026691654
MP-0273,Pintura calibre/ref 24,Pintura,kg,9058,PROV-24,8,100,500,12824.0,12360.0,10964.7,7328.0,20.076712328767123,66377024.0,38054038251.01142,97.2205680945764,15.909090909090908,C,21.453333333333333,47.29331641762689,1992.76,1050.3302150703353,360.3404880155392,791.0528898420232
MP-0229,Empaque calibre/ref 9,Empaque,unidad,7426,PROV-03,16,100,500,14364.0,13869.24,12847.0,8208.0,22.487671232876714,60952608.0,38114990859.01142,97.37628999556145,16.136363636363637,C,22.625,62.34306219620592,1633.72,1227.6950036198648,487.8073352257396,996.5908968695753
MP-0254,Lámina calibre/ref 18,Lámina,lámina,8919,PROV-25,12,100,500,11383.05,11134.41,10147.300000000001,6504.599999999999,17.820821917808217,58014527.4,38173005386.41142,97.52450567964635,16.363636363636363,C,20.77570093457944,51.991122415273935,1962.18,997.2441615801548,389.8279177422721,760.067984315054
MP-0114,Tornillería calibre/ref 15,Tornillería,unidad,34343,PROV-10,7,100,500,2841.9900000000002,2757.81,2533.0,1623.9942857142858,4.449299412915852,55772835.754285716,38228778222.16571,97.66699428336591,16.590909090909093,C,21.359223300970875,10.110081291180883,7555.46,253.93491601190908,76.86228264598547,171.89586233933375
MP-0238,Pintura calibre/ref 4,Pintura,kg,12403,PROV-15,10,100,500,7604.959999999999,7377.599999999999,6871.5,4345.691428571427,11.906003913894322,53899610.78857142,38282677832.954285,97.80469716647063,16.818181818181817,C,21.453333333333333,23.268688158873942,2728.66,691.2185073073634,177.29038861662403,432.7138592493702
MP-0153,Correderas calibre/ref 31,Correderas,par,14614,PROV-07,9,100,500,6444.0,6222.04,5784.0,3682.285714285714,10.088454011741684,53812923.428571425,38336490756.38286,97.94217858045478,17.045454545454543,C,23.56053811659193,27.96844143639313,3215.08,586.1698506700853,223.31956366448253,461.0089689456072
MP-0369,Correderas calibre/ref 12,Correderas,par,8062,PROV-23,14,100,500,11640.92,11266.24,10580.4,6651.954285714285,18.22453228962818,53628055.45142857,38390118811.83429,98.07918769319085,17.272727272727273,C,23.56053811659193,53.21777517107165,1773.64,1060.724299640123,424.9278729895115,854.3076606563566
MP-0232,Tubería calibre/ref 14,Tubería,m,8859,PROV-02,26,100,500,8381.37,8296.02,7759.3,4789.354285714286,13.121518590998043,42428889.617142856,38432547701.45143,98.18758514433628,17.5,C,20.353932584269664,31.733822094325255,1948.98,858.6089642345983,235.51168019593487,502.58618500035016
MP-0321,Tornillería calibre/ref 25,Tornillería,unidad,14487,PROV-06,11,100,500,5004.099999999999,4880.219999999999,4371.6,2859.485714285714,7.8342074363992165,41425369.54285714,38473973070.994286,98.29341879946426,17.727272727272727,C,21.359223300970875,18.99856172166892,3187.14,518.804844137689,144.437297669597,311.7698836897745
MP-0344,Tornillería calibre/ref 2,Tornillería,unidad,6342,PROV-14,21,100,500,11141.65,10943.4,9703.9,6366.657142857142,17.44289628180039,40377339.599999994,38514350410.594284,98.3965749446325,17.954545454545453,C,21.359223300970875,35.71701332987333,1395.24,1170.0162660763272,271.5399703290118,644.1066870276609
MP-0293,Lámina calibre/ref 15,Lámina,lámina,8453,PROV-08,11,100,500,8347.2,8003.84,7471.0,4769.828571428571,13.068023483365948,40319360.91428571,38554669771.50857,98.49958296568512,18.181818181818183,C,20.77570093457944,28.40630787091386,1859.66,877.193162508977,212.98966695920137,484.48701465567336
MP-0299,Empaque calibre/ref 10,Empaque,unidad,7144,PROV-32,7,100,500,9623.68,9130.880000000001,8409.4,5499.245714285714,15.066426614481408,39286611.38285714,38593956382.891426,98.59995251521777,18.409090909090907,C,22.625,39.574370824546655,1571.68,1024.5428492317997,309.65223226285804,650.5301344154999
MP-0356,Tornillería calibre/ref 38,Tornillería,unidad,9738,PROV-30,22,100,500,6559.56,6559.56,6051.9,3748.32,10.269369863013699,36501140.160000004,38630457523.05143,98.69320573473281,18.636363636363637,C,21.359223300970875,22.522767014734224,2142.36,724.4905614879292,171.23020422855348,390.5759682929238
MP-0357,Correderas calibre/ref 28,Correderas,par,6420,PROV-26,12,100,500,9192.96,8987.76,8527.0,5253.119999999999,14.392109589041093,33725030.39999999,38664182553.45143,98.77936654092288,18.863636363636363,C,23.56053811659193,37.970728726217516,1412.4,1056.3076712523884,303.18480886559104,642.2706554163619
MP-0309,Tubería calibre/ref 3,Tubería,m,6190,PROV-29,11,100,500,8735.13,8287.83,7577.099999999999,4991.502857142857,13.675350293542072,30897402.685714282,38695079956.137146,98.85830331556788,19.090909090909093,C,20.353932584269664,35.920487154666645,1361.8,1048.623592449709,266.5828987793068,544.9300567203345
MP-0217,Adhesivos calibre/ref 34,Adhesivos,kg,7822,PROV-25,14,100,500,6715.900000000001,6596.400000000001,6232.2,3837.657142857143,10.51412915851272,30018154.171428572,38725098110.30857,98.93499378353992,19.318181818181817,C,24.979591836734695,21.529296811701705,1720.84,817.9438045462887,177.00617459481933,439.6448294931779
MP-0157,Tornillería calibre/ref 30,Tornillería,unidad,2791,PROV-12,6,100,500,18429.64,17868.260000000002,16132.2,10531.222857142857,28.852665362035225,29392642.994285714,38754490753.30286,99.01008619372926,19.545454545454547,C,21.359223300970875,47.97180109751647,614.02,2268.343233569537,364.7074666165844,980.9779889124824
MP-0390,Tornillería calibre/ref 11,Tornillería,unidad,13936,PROV-17,13,100,500,3491.3199999999997,3455.06,3164.2,1995.0399999999997,5.4658630136986295,27802877.439999998,38782293630.74286,99.08111706623617,19.772727272727273,C,21.359223300970875,14.689067310229209,3065.92,441.8308352814816,111.67420032414682,228.4207889662535
MP-0386,Correderas calibre/ref 22,Correderas,par,5157,PROV-14,13,100,500,8696.88,8612.279999999999,7949.7,4969.645714285713,13.615467710371817,25628462.948571425,38807922093.69143,99.14659273824806,20.0,C,23.56053811659193,26.25190579204271,1134.54,1146.339970844171,209.61354461502407,530.4012905804659
MP-0202,Pintura calibre/ref 34,Pintura,kg,2983,PROV-29,15,100,500,14022.0,13539.02,12376.5,8012.571428571428,21.95225048923679,23901500.57142857,38831823594.262856,99.20765636173368,20.227272727272727,C,21.453333333333333,60.85870357248673,656.26,1913.8531765277394,463.6988184894841,934.6477656519107
MP-0239,Pintura calibre/ref 32,Pintura,kg,10488,PROV-13,15,100,500,3962.1000000000004,3799.12,3633.7000000000003,2264.057142857143,6.202896281800392,23745431.314285714,38855569025.57714,99.2683212590252,20.454545454545457,C,21.453333333333333,13.48339951305202,2307.36,542.558584694036,102.73364459657083,235.80644616212857
MP-0244,Pintura calibre/ref 37,Pintura,kg,6572,PROV-15,16,100,500,6219.16,5933.18,5596.5,3553.805714285714,9.736454011741683,23355611.154285714,38878924636.73143,99.32799024263316,20.681818181818183,C,21.453333333333333,28.371516881526272,1445.84,858.7116407022006,216.17021205600795,425.0496054545729
MP-0197,Tornillería calibre/ref 25,Tornillería,unidad,3935,PROV-06,7,100,500,10298.95,10073.99,8930.2,5885.114285714286,16.123600782778865,23157924.714285716,38902082561.44572,99.38715417634667,20.909090909090907,C,21.359223300970875,47.039586947152614,865.7,1428.086024565502,357.6202726120855,702.007862147168
MP-0268,Vidrio calibre/ref 22,Vidrio,m2,12459,PROV-17,13,100,500,3194.76,3161.58,2917.7,1825.577142857143,5.001581213307241,22744865.622857142,38924827427.06857,99.4452628254867,21.136363636363637,C,20.402439024390244,13.441347307043719,2740.98,447.0002734357907,99.87338035251106,201.9178360825478
MP-0189,Lámina calibre/ref 34,Lámina,lámina,5058,PROV-10,16,100,500,7823.099999999999,7652.219999999999,6797.2,4470.342857142857,12.247514677103718,22610994.17142857,38947438421.24,99.5030294594515,21.363636363636363,C,20.77570093457944,35.73135054022687,1112.76,1097.8178576705786,267.9126230043414,522.3633251277206
MP-0370,Tubería calibre/ref 21,Tubería,m,13919,PROV-35,15,100,500,2487.94,2360.54,2121.3,1421.68,3.8950136986301374,19788363.92,38967226785.159996,99.55358482940395,21.59090909090909,C,20.353932584269664,10.230874275664052,3062.18,373.20391973487875,75.92814957407485,155.20699581079953
MP-0181,Pintura calibre/ref 37,Pintura,kg,3549,PROV-10,9,100,500,9271.4,9041.88,8379.4,5297.942857142857,14.51491193737769,18802399.2,38986029184.35999,99.60162125380934,21.818181818181817,C,21.453333333333333,35.199789202110516,780.78,1426.7567048993862,268.1966539865058,579.5898980830485
MP-0385,Tubería calibre/ref 28,Tubería,m,11740,PROV-07,9,100,500,2716.95,2649.69,2435.8,1552.542857142857,4.253542074363992,18226853.14285714,39004256037.50285,99.64818727146657,22.045454545454547,C,20.353932584269664,10.315170014525762,2582.8,424.65577763730084,76.55374806119276,163.13005668715198
MP-0388,Correderas calibre/ref 1,Correderas,par,3807,PROV-31,15,100,500,8002.8,7841.6,7258.3,4573.028571428571,12.528845401174166,17409519.77142857,39021665557.274284,99.6926651634387,22.272727272727273,C,23.56053811659193,30.898303235892143,837.54,1279.852160569794,246.71362586667487,541.8999654979264
MP-0211,Empaque calibre/ref 29,Empaque,unidad,5707,PROV-35,16,100,500,4866.28,4815.74,4351.7,2780.7314285714283,7.618442270058708,15869634.262857141,39037535191.53714,99.73320895141494,22.5,C,22.625,20.47395096136195,1255.54,815.1262390668674,160.19975773041597,332.56701409049424
MP-0393,Empaque calibre/ref 3,Empaque,unidad,9553,PROV-11,9,100,500,2791.02,2763.87,2613.7,1594.8685714285714,4.369502935420743,15235779.462857142,39052770971.0,99.77213336529638,22.727272727272727,C,22.625,8.424813738226474,2101.66,477.135629350004,65.92050173094586,164.78050564484016
MP-0330,Tornillería calibre/ref 30,Tornillería,unidad,8021,PROV-32,8,100,500,3183.6499999999996,3089.35,2862.2999999999997,1819.228571428571,4.984187866927592,14592032.371428568,39067363003.37143,99.809413132228,22.954545454545457,C,21.359223300970875,11.325500899956726,1764.6200000000001,556.1329957481032,86.10255706244273,192.56093868613888
MP-0178,Vidrio calibre/ref 15,Vidrio,m2,7406,PROV-22,8,100,500,3042.0,2937.22,2758.5,1738.2857142857142,4.7624266144814085,12873744.0,39080236747.37143,99.84230301100851,23.18181818181818,C,20.402439024390244,13.20297933729173,1629.32,565.741468738498,98.10223238920973,195.26735099929994
MP-0411,Correderas calibre/ref 9,Correderas,par,2329,PROV-03,14,100,500,8080.2699999999995,7838.7,7333.1,4617.297142857143,12.65012915851272,10753685.045714285,39090990432.417145,99.86977655697906,23.40909090909091,C,23.56053811659193,24.72298116880357,512.38,1644.2144277626878,197.40554294592283,495.44939316487273
MP-0193,Correderas calibre/ref 15,Correderas,par,2415,PROV-32,10,100,500,6895.320000000001,6691.080000000001,5988.0,3940.1828571428573,10.795021526418788,9515541.6,39100505974.01714,99.8940868904574,23.636363636363637,C,23.56053811659193,24.52937755893067,531.3,1491.5880935216874,195.85967655293797,450.19619269555824
MP-0272,Correderas calibre/ref 39,Correderas,par,12300,PROV-16,7,100,500,1204.6,1149.12,1039.5,688.342857142857,1.8858708414872796,8466617.142857142,39108972591.16,99.91571742866832,23.863636363636363,C,23.56053811659193,4.025757387086626,2706.0,276.2479960784251,32.14445771488057,76.57658955871092
MP-0340,Vidrio calibre/ref 34,Vidrio,m2,2769,PROV-05,17,100,500,4866.28,4815.74,4412.6,2780.7314285714283,7.618442270058708,7699845.325714285,39116672436.48572,99.93538901600074,24.09090909090909,C,20.402439024390244,20.47395096136195,609.18,1170.2195028739875,152.12780720361388,307.56261107932386
MP-0227,Vidrio calibre/ref 28,Vidrio,m2,2521,PROV-24,13,100,500,4801.68,4704.96,4284.1,2743.8171428571427,7.5173072407045005,6917163.0171428565,39123589599.50286,99.9530610042847,24.31818181818182,C,20.402439024390244,18.538981941535287,554.62,1218.2612952751892,137.7503871077725,291.12178971385333
MP-0161,Correderas calibre/ref 21,Correderas,par,2495,PROV-03,9,100,500,4248.5,4155.7,3752.9,2427.714285714286,6.651272015655578,6057147.142857143,39129646746.64572,99.96853582150061,24.545454545454547,C,23.56053811659193,19.404666023718715,548.9,1151.8947500697573,154.94040164258513,311.6479494912596
MP-0339,Adhesivos calibre/ref 25,Adhesivos,kg,4192,PROV-07,7,100,500,2186.52,2186.52,2009.9,1249.4399999999998,3.4231232876712325,5237652.4799999995,39134884399.125725,99.98191699135778,24.772727272727273,C,24.979591836734695,7.5075890049114085,922.24,637.5237269536474,61.72471037081017,147.23293290365893
MP-0162,Pintura calibre/ref 30,Pintura,kg,6439,PROV-09,12,100,500,1411.2,1379.7,1294.2,806.4,2.2093150684931504,5192409.6,39140076808.72572,99.99518257457294,25.0,C,21.453333333333333,5.828839936042163,1416.58,413.2523519456679,44.411497992030455,91.80867059477018
MP-0325,Tubería calibre/ref 8,Tubería,m,431,PROV-22,14,100,500,7656.289999999999,7429.509999999999,7100.4,4375.022857142856,11.986363992172208,1885634.851428571,39141962443.57715,100.00000000000004,25.227272727272727,C,20.353932584269664,27.23644850574959,94.82000000000001,3720.4957693429747,202.13454689109787,446.1041915182884
MP-0188,Vidrio calibre/ref 28,Vidrio,m2,1200,PROV-23,6,100,500,0.0,0.0,0.0,0.0,0.0,0.0,39141962443.57715,100.00000000000004,25.454545454545453,C,20.402439024390244,0.0,264.0,0.0,0.0,0.0
MP-0294,Lámina calibre/ref 23,Lámina,lámina,3954,PROV-26,7,100,500,0.0,0.0,0.0,0.0,0.0,0.0,39141962443.57715,100.00000000000004,25.681818181818183,C,20.77570093457944,0.0,869.88,0.0,0.0,0.0
MP-0206,Adhesivos calibre/ref 17,Adhesivos,kg,13367,PROV-25,32,100,500,0.0,0.0,0.0,0.0,0.0,0.0,39141962443.57715,100.00000000000004,25.90909090909091,C,24.979591836734695,0.0,2940.7400000000002,0.0,0.0,0.0
MP-0319,Lámina calibre/ref 38,Lámina,lámina,6387,PROV-13,12,100,500,0.0,0.0,0.0,0.0,0.0,0.0,39141962443.57715,100.00000000000004,26.136363636363637,C,20.77570093457944,0.0,1405.14,0.0,0.0,0.0
MP-0121,Adhesivos calibre/ref 28,Adhesivos,kg,50877,PROV-16,9,100,500,0.0,0.0,0.0,0.0,0.0,0.0,39141962443.57715,100.00000000000004,26.36363636363636,C,24.979591836734695,0.0,11192.94,0.0,0.0,0.0
MP-0364,Empaque calibre/ref 26,Empaque,unidad,7364,PROV-13,6,100,500,0.0,0.0,0.0,0.0,0.0,0.0,39141962443.57715,100.00000000000004,26.590909090909093,C,22.625,0.0,1620.08,0.0,0.0,0.0
MP-0288,Lámina calibre/ref 6,Lámina,lámina,3660,PROV-13,19,100,500,0.0,0.0,0.0,0.0,0.0,0.0,39141962443.57715,100.00000000000004,26.81818181818182,C,20.77570093457944,0.0,805.2,0.0,0.0,0.0
MP-0377,Empaque calibre/ref 37,Empaque,unidad,5853,PROV-01,12,100,500,0.0,0.0,0.0,0.0,0.0,0.0,39141962443.57715,100.00000000000004,27.045454545454543,C,22.625,0.0,1287.66,0.0,0.0,0.0
MP-0067,Pintura calibre/ref 15,Pintura,kg,65561,PROV-04,11,100,500,0.0,0.0,0.0,0.0,0.0,0.0,39141962443.57715,100.00000000000004,27.27272727272727,C,21.453333333333333,0.0,14423.42,0.0,0.0,0.0
MP-0138,Tubería calibre/ref 10,Tubería,m,68215,PROV-21,19,100,500,0.0,0.0,41.0,0.0,0.0,0.0,39141962443.57715,100.00000000000004,27.500000000000004,C,20.353932584269664,0.0,15007.3,0.0,0.0,0.0
MP-0070,Tubería calibre/ref 34,Tubería,m,57954,PROV-16,9,100,500,0.0,0.0,0.0,0.0,0.0,0.0,39141962443.57715,100.00000000000004,27.727272727272727,C,20.353932584269664,0.0,12749.88,0.0,0.0,0.0
MP-0391,Adhesivos calibre/ref 29,Adhesivos,kg,8995,PROV-06,15,100,500,0.0,0.0,0.0,0.0,0.0,0.0,39141962443.57715,100.00000000000004,27.954545454545453,C,24.979591836734695,0.0,1978.9,0.0,0.0,0.0
MP-90019,Vidrio (dup),Vidrio,m2,85882,PROV-31,17,100,500,0.0,0.0,0.0,0.0,0.0,0.0,39141962443.57715,100.00000000000004,28.18181818181818,C,20.402439024390244,0.0,18894.04,0.0,0.0,0.0
MP-0086,Empaque calibre/ref 3,Empaque,unidad,69618,PROV-33,19,100,500,0.0,0.0,0.0,0.0,0.0,0.0,39141962443.57715,100.00000000000004,28.40909090909091,C,22.625,0.0,15315.960000000001,0.0,0.0,0.0
MP-0064,Tubería calibre/ref 23,Tubería,m,35201,PROV-06,11,100,500,0.0,0.0,0.0,0.0,0.0,0.0,39141962443.57715,100.00000000000004,28.636363636363637,C,20.353932584269664,0.0,7744.22,0.0,0.0,0.0
MP-0253,Tubería calibre/ref 5,Tubería,m,9356,PROV-29,10,100,500,0.0,0.0,0.0,0.0,0.0,0.0,39141962443.57715,100.00000000000004,28.863636363636363,C,20.353932584269664,0.0,2058.32,0.0,0.0,0.0
MP-0415,Correderas calibre/ref 28,Correderas,par,12117,PROV-09,9,100,500,0.0,0.0,0.0,0.0,0.0,0.0,39141962443.57715,100.00000000000004,29.09090909090909,C,23.56053811659193,0.0,2665.7400000000002,0.0,0.0,0.0
MP-90107,Lámina (dup),Lámina,lámina,74064,PROV-07,14,100,500,0.0,0.0,0.0,0.0,0.0,0.0,39141962443.57715,100.00000000000004,29.318181818181817,C,20.77570093457944,0.0,16294.08,0.0,0.0,0.0
MP-0236,Empaque calibre/ref 12,Empaque,unidad,12660,PROV-01,10,100,500,0.0,0.0,0.0,0.0,0.0,0.0,39141962443.57715,100.00000000000004,29.545454545454547,C,22.625,0.0,2785.2,0.0,0.0,0.0
MP-0298,Correderas calibre/ref 23,Correderas,par,3294,PROV-26,12,100,500,0.0,0.0,0.0,0.0,0.0,0.0,39141962443.57715,100.00000000000004,29.772727272727273,C,23.56053811659193,0.0,724.68,0.0,0.0,0.0
MP-0061,Tornillería calibre/ref 7,Tornillería,unidad,53880,PROV-23,11,100,500,0.0,0.0,0.0,0.0,0.0,0.0,39141962443.57715,100.00000000000004,30.0,C,21.359223300970875,0.0,11853.6,0.0,0.0,0.0
MP-0407,Lámina calibre/ref 34,Lámina,lámina,11177,PROV-02,10,100,500,0.0,0.0,0.0,0.0,0.0,0.0,39141962443.57715,100.00000000000004,30.227272727272727,C,20.77570093457944,0.0,2458.94,0.0,0.0,0.0
MP-0124,Tubería calibre/ref 35,Tubería,m,29143,PROV-02,14,100,500,0.0,0.0,0.0,0.0,0.0,0.0,39141962443.57715,100.00000000000004,30.454545454545457,C,20.353932584269664,0.0,6411.46,0.0,0.0,0.0
MP-0320,Lámina calibre/ref 38,Lámina,lámina,1174,PROV-14,17,100,500,0.0,0.0,0.0,0.0,0.0,0.0,39141962443.57715,100.00000000000004,30.681818181818183,C,20.77570093457944,0.0,258.28000000000003,0.0,0.0,0.0
MP-0405,Lámina calibre/ref 16,Lámina,lámina,8284,PROV-26,12,100,500,0.0,0.0,0.0,0.0,0.0,0.0,39141962443.57715,100.00000000000004,30.909090909090907,C,20.77570093457944,0.0,1822.48,0.0,0.0,0.0
MP-0083,Pintura calibre/ref 14,Pintura,kg,73001,PROV-07,6,100,500,0.0,0.0,0.0,0.0,0.0,0.0,39141962443.57715,100.00000000000004,31.136363636363633,C,21.453333333333333,0.0,16060.22,0.0,0.0,0.0
MP-0341,Tornillería calibre/ref 5,Tornillería,unidad,2027,PROV-34,7,100,500,0.0,0.0,0.0,0.0,0.0,0.0,39141962443.57715,100.00000000000004,31.363636363636367,C,21.359223300970875,0.0,445.94,0.0,0.0,0.0
MP-90223,Tornillería (dup),Tornillería,unidad,10728,PROV-30,13,100,500,0.0,0.0,0.0,0.0,0.0,0.0,39141962443.57715,100.00000000000004,31.590909090909093,C,21.359223300970875,0.0,2360.16,0.0,0.0,0.0
MP-0179,Correderas calibre/ref 24,Correderas,par,11205,PROV-27,15,100,500,0.0,0.0,0.0,0.0,0.0,0.0,39141962443.57715,100.00000000000004,31.818181818181817,C,23.56053811659193,0.0,2465.1,0.0,0.0,0.0
MP-0134,Correderas calibre/ref 36,Correderas,par,64521,PROV-25,12,100,500,0.0,0.0,0.0,0.0,0.0,0.0,39141962443.57715,100.00000000000004,32.04545454545455,C,23.56053811659193,0.0,14194.62,0.0,0.0,0.0
MP-0380,Tornillería calibre/ref 4,Tornillería,unidad,13527,PROV-07,10,100,500,0.0,0.0,0.0,0.0,0.0,0.0,39141962443.57715,100.00000000000004,32.27272727272727,C,21.359223300970875,0.0,2975.94,0.0,0.0,0.0
MP-0192,Tornillería calibre/ref 24,Tornillería,unidad,10044,PROV-01,10,100,500,0.0,0.0,0.0,0.0,0.0,0.0,39141962443.57715,100.00000000000004,32.5,C,21.359223300970875,0.0,2209.68,0.0,0.0,0.0
MP-0103,Pintura calibre/ref 2,Pintura,kg,50643,PROV-09,8,100,500,0.0,0.0,0.0,0.0,0.0,0.0,39141962443.57715,100.00000000000004,32.72727272727273,C,21.453333333333333,0.0,11141.460000000001,0.0,0.0,0.0
MP-0170,Tornillería calibre/ref 22,Tornillería,unidad,4382,PROV-13,17,100,500,0.0,0.0,0.0,0.0,0.0,0.0,39141962443.57715,100.00000000000004,32.95454545454545,C,21.359223300970875,0.0,964.04,0.0,0.0,0.0
MP-0348,Correderas calibre/ref 6,Correderas,par,9374,PROV-31,5,100,500,0.0,0.0,0.0,0.0,0.0,0.0,39141962443.57715,100.00000000000004,33.18181818181819,C,23.56053811659193,0.0,2062.28,0.0,0.0,0.0
MP-0091,Tubería calibre/ref 34,Tubería,m,75896,PROV-11,11,100,500,0.0,0.0,0.0,0.0,0.0,0.0,39141962443.57715,100.00000000000004,33.409090909090914,C,20.353932584269664,0.0,16697.12,0.0,0.0,0.0
MP-0147,Tubería calibre/ref 28,Tubería,m,48242,PROV-28,10,100,500,0.0,0.0,0.0,0.0,0.0,0.0,39141962443.57715,100.00000000000004,33.63636363636363,C,20.353932584269664,0.0,10613.24,0.0,0.0,0.0
MP-0215,Pintura calibre/ref 33,Pintura,kg,8972,PROV-11,11,100,500,0.0,0.0,0.0,0.0,0.0,0.0,39141962443.57715,100.00000000000004,33.86363636363636,C,21.453333333333333,0.0,1973.84,0.0,0.0,0.0
MP-0301,Pintura calibre/ref 12,Pintura,kg,13471,PROV-07,16,100,500,0.0,0.0,0.0,0.0,0.0,0.0,39141962443.57715,100.00000000000004,34.090909090909086,C,21.453333333333333,0.0,2963.62,0.0,0.0,0.0
MP-0062,Correderas calibre/ref 33,Correderas,par,42841,PROV-08,13,100,500,0.0,0.0,0.0,0.0,0.0,0.0,39141962443.57715,100.00000000000004,34.31818181818182,C,23.56053811659193,0.0,9425.02,0.0,0.0,0.0
MP-0021,Correderas calibre/ref 31,Correderas,par,188399,PROV-03,13,100,500,0.0,0.0,0.0,0.0,0.0,0.0,39141962443.57715,100.00000000000004,34.54545454545455,C,23.56053811659193,0.0,41447.78,0.0,0.0,0.0
MP-0034,Tornillería calibre/ref 13,Tornillería,unidad,318023,PROV-03,18,100,500,0.0,0.0,0.0,0.0,0.0,0.0,39141962443.57715,100.00000000000004,34.77272727272727,C,21.359223300970875,0.0,69965.06,0.0,0.0,0.0
MP-90093,Adhesivos (dup),Adhesivos,kg,75030,PROV-20,7,100,500,0.0,0.0,0.0,0.0,0.0,0.0,39141962443.57715,100.00000000000004,35.0,C,24.979591836734695,0.0,16506.6,0.0,0.0,0.0
MP-0282,Tornillería calibre/ref 28,Tornillería,unidad,14231,PROV-23,11,100,500,0.0,0.0,0.0,0.0,0.0,0.0,39141962443.57715,100.00000000000004,35.22727272727273,C,21.359223300970875,0.0,3130.82,0.0,0.0,0.0
MP-0400,Tubería calibre/ref 15,Tubería,m,13930,PROV-28,11,100,500,0.0,0.0,0.0,0.0,0.0,0.0,39141962443.57715,100.00000000000004,35.45454545454545,C,20.353932584269664,0.0,3064.6,0.0,0.0,0.0
MP-0006,Lámina calibre/ref 25,Lámina,lámina,142141,PROV-08,15,100,500,0.0,0.0,0.0,0.0,0.0,0.0,39141962443.57715,100.00000000000004,35.68181818181818,C,20.77570093457944,0.0,31271.02,0.0,0.0,0.0
MP-0096,Adhesivos calibre/ref 2,Adhesivos,kg,51577,PROV-29,8,100,500,0.0,0.0,0.0,0.0,0.0,0.0,39141962443.57715,100.00000000000004,35.90909090909091,C,24.979591836734695,0.0,11346.94,0.0,0.0,0.0
MP-0201,Correderas calibre/ref 16,Correderas,par,13444,PROV-31,11,100,500,0.0,0.0,0.0,0.0,0.0,0.0,39141962443.57715,100.00000000000004,36.13636363636364,C,23.56053811659193,0.0,2957.68,0.0,0.0,0.0
MP-0113,Adhesivos calibre/ref 5,Adhesivos,kg,60878,PROV-11,7,100,500,0.0,0.0,47.0,0.0,0.0,0.0,39141962443.57715,100.00000000000004,36.36363636363637,C,24.979591836734695,0.0,13393.16,0.0,0.0,0.0
MP-90072,Adhesivos (dup),Adhesivos,kg,16950,PROV-09,13,100,500,0.0,0.0,0.0,0.0,0.0,0.0,39141962443.57715,100.00000000000004,36.59090909090909,C,24.979591836734695,0.0,3729.0,0.0,0.0,0.0
MP-0007,Adhesivos calibre/ref 33,Adhesivos,kg,313781,PROV-01,17,100,500,0.0,0.0,0.0,0.0,0.0,0.0,39141962443.57715,100.00000000000004,36.81818181818181,C,24.979591836734695,0.0,69031.82,0.0,0.0,0.0
MP-0042,Lámina calibre/ref 37,Lámina,lámina,50406,PROV-08,12,100,500,0.0,0.0,0.0,0.0,0.0,0.0,39141962443.57715,100.00000000000004,37.04545454545455,C,20.77570093457944,0.0,11089.32,0.0,0.0,0.0
MP-0401,Vidrio calibre/ref 25,Vidrio,m2,2358,PROV-18,11,100,500,0.0,0.0,0.0,0.0,0.0,0.0,39141962443.57715,100.00000000000004,37.27272727272727,C,20.402439024390244,0.0,518.76,0.0,0.0,0.0
MP-0209,Tubería calibre/ref 37,Tubería,m,5569,PROV-02,9,100,500,0.0,0.0,0.0,0.0,0.0,0.0,39141962443.57715,100.00000000000004,37.5,C,20.353932584269664,0.0,1225.18,0.0,0.0,0.0
MP-0130,Empaque calibre/ref 33,Empaque,unidad,74019,PROV-11,10,100,500,0.0,0.0,0.0,0.0,0.0,0.0,39141962443.57715,100.00000000000004,37.72727272727273,C,22.625,0.0,16284.18,0.0,0.0,0.0
MP-0355,Lámina calibre/ref 28,Lámina,lámina,13636,PROV-05,5,100,500,0.0,0.0,0.0,0.0,0.0,0.0,39141962443.57715,100.00000000000004,37.95454545454545,C,20.77570093457944,0.0,2999.92,0.0,0.0,0.0
MP-0069,Tubería calibre/ref 25,Tubería,m,44153,PROV-16,12,100,500,0.0,0.0,0.0,0.0,0.0,0.0,39141962443.57715,100.00000000000004,38.18181818181819,C,20.353932584269664,0.0,9713.66,0.0,0.0,0.0
MP-0028,Tubería calibre/ref 19,Tubería,m,367530,PROV-06,19,100,500,0.0,0.0,0.0,0.0,0.0,0.0,39141962443.57715,100.00000000000004,38.40909090909091,C,20.353932584269664,0.0,80856.6,0.0,0.0,0.0
MP-0291,Vidrio calibre/ref 23,Vidrio,m2,13498,PROV-05,6,100,500,0.0,0.0,0.0,0.0,0.0,0.0,39141962443.57715,100.00000000000004,38.63636363636363,C,20.402439024390244,0.0,2969.56,0.0,0.0,0.0
MP-0099,Vidrio calibre/ref 17,Vidrio,m2,42946,PROV-17,6,100,500,0.0,0.0,0.0,0.0,0.0,0.0,39141962443.57715,100.00000000000004,38.86363636363636,C,20.402439024390244,0.0,9448.12,0.0,0.0,0.0
MP-0408,Empaque calibre/ref 36,Empaque,unidad,14786,PROV-24,13,100,500,0.0,0.0,0.0,0.0,0.0,0.0,39141962443.57715,100.00000000000004,39.09090909090909,C,22.625,0.0,3252.92,0.0,0.0,0.0
MP-0141,Adhesivos calibre/ref 38,Adhesivos,kg,20387,PROV-32,6,100,500,0.0,0.0,0.0,0.0,0.0,0.0,39141962443.57715,100.00000000000004,39.31818181818182,C,24.979591836734695,0.0,4485.14,0.0,0.0,0.0
MP-0245,Adhesivos calibre/ref 23,Adhesivos,kg,2815,PROV-23,16,100,500,0.0,0.0,0.0,0.0,0.0,0.0,39141962443.57715,100.00000000000004,39.54545454545455,C,24.979591836734695,0.0,619.3,0.0,0.0,0.0
MP-0196,Vidrio calibre/ref 16,Vidrio,m2,4392,PROV-13,9,100,500,0.0,0.0,0.0,0.0,0.0,0.0,39141962443.57715,100.00000000000004,39.77272727272727,C,20.402439024390244,0.0,966.24,0.0,0.0,0.0
MP-0350,Adhesivos calibre/ref 15,Adhesivos,kg,7054,PROV-11,9,100,500,0.0,0.0,0.0,0.0,0.0,0.0,39141962443.57715,100.00000000000004,40.0,C,24.979591836734695,0.0,1551.88,0.0,0.0,0.0
MP-0040,Correderas calibre/ref 2,Correderas,par,143609,PROV-31,17,100,500,0.0,0.0,0.0,0.0,0.0,0.0,39141962443.57715,100.00000000000004,40.22727272727273,C,23.56053811659193,0.0,31593.98,0.0,0.0,0.0
MP-0304,Correderas calibre/ref 16,Correderas,par,5637,PROV-32,16,100,500,0.0,0.0,0.0,0.0,0.0,0.0,39141962443.57715,100.00000000000004,40.45454545454545,C,23.56053811659193,0.0,1240.14,0.0,0.0,0.0
MP-0169,Correderas calibre/ref 15,Correderas,par,1258,PROV-24,5,100,500,0.0,0.0,0.0,0.0,0.0,0.0,39141962443.57715,100.00000000000004,40.68181818181818,C,23.56053811659193,0.0,276.76,0.0,0.0,0.0
MP-90388,Correderas (dup),Correderas,par,4008,PROV-31,15,100,500,0.0,0.0,0.0,0.0,0.0,0.0,39141962443.57715,100.00000000000004,40.909090909090914,C,23.56053811659193,0.0,881.76,0.0,0.0,0.0
MP-0371,Tubería calibre/ref 19,Tubería,m,4437,PROV-31,6,100,500,0.0,0.0,0.0,0.0,0.0,0.0,39141962443.57715,100.00000000000004,41.13636363636364,C,20.353932584269664,0.0,976.14,0.0,0.0,0.0
MP-0166,Lámina calibre/ref 28,Lámina,lámina,10838,PROV-08,5,100,500,0.0,0.0,0.0,0.0,0.0,0.0,39141962443.57715,100.00000000000004,41.36363636363637,C,20.77570093457944,0.0,2384.36,0.0,0.0,0.0
MP-0242,Empaque calibre/ref 12,Empaque,unidad,12815,PROV-23,13,100,500,0.0,0.0,59.0,0.0,0.0,0.0,39141962443.57715,100.00000000000004,41.590909090909086,C,22.625,0.0,2819.3,0.0,0.0,0.0
MP-0087,Pintura calibre/ref 11,Pintura,kg,77924,PROV-23,8,100,500,0.0,0.0,0.0,0.0,0.0,0.0,39141962443.57715,100.00000000000004,41.81818181818181,C,21.453333333333333,0.0,17143.28,0.0,0.0,0.0
MP-0140,Vidrio calibre/ref 10,Vidrio,m2,69076,PROV-20,19,100,500,0.0,0.0,0.0,0.0,0.0,0.0,39141962443.57715,100.00000000000004,42.04545454545455,C,20.402439024390244,0.0,15196.72,0.0,0.0,0.0
MP-0158,Tubería calibre/ref 32,Tubería,m,9120,PROV-21,10,100,500,0.0,0.0,0.0,0.0,0.0,0.0,39141962443.57715,100.00000000000004,42.27272727272727,C,20.353932584269664,0.0,2006.4,0.0,0.0,0.0
MP-90197,Tornillería (dup),Tornillería,unidad,4142,PROV-06,7,100,500,0.0,0.0,0.0,0.0,0.0,0.0,39141962443.57715,100.00000000000004,42.5,C,21.359223300970875,0.0,911.24,0.0,0.0,0.0
MP-0081,Adhesivos calibre/ref 17,Adhesivos,kg,29017,PROV-04,10,100,500,0.0,0.0,0.0,0.0,0.0,0.0,39141962443.57715,100.00000000000004,42.72727272727273,C,24.979591836734695,0.0,6383.74,0.0,0.0,0.0
MP-0358,Adhesivos calibre/ref 25,Adhesivos,kg,10081,PROV-03,13,100,500,0.0,0.0,0.0,0.0,0.0,0.0,39141962443.57715,100.00000000000004,42.95454545454545,C,24.979591836734695,0.0,2217.82,0.0,0.0,0.0
MP-0233,Correderas calibre/ref 11,Correderas,par,5273,PROV-01,10,100,500,0.0,0.0,0.0,0.0,0.0,0.0,39141962443.57715,100.00000000000004,43.18181818181818,C,23.56053811659193,0.0,1160.06,0.0,0.0,0.0
MP-0383,Tornillería calibre/ref 26,Tornillería,unidad,2342,PROV-19,13,100,500,0.0,0.0,0.0,0.0,0.0,0.0,39141962443.57715,100.00000000000004,43.40909090909091,C,21.359223300970875,0.0,515.24,0.0,0.0,0.0
MP-0317,Tubería calibre/ref 13,Tubería,m,6640,PROV-32,8,100,500,0.0,0.0,0.0,0.0,0.0,0.0,39141962443.57715,100.00000000000004,43.63636363636363,C,20.353932584269664,0.0,1460.8,0.0,0.0,0.0
MP-0148,Adhesivos calibre/ref 14,Adhesivos,kg,74617,PROV-15,11,100,500,0.0,0.0,0.0,0.0,0.0,0.0,39141962443.57715,100.00000000000004,43.86363636363637,C,24.979591836734695,0.0,16415.74,0.0,0.0,0.0
MP-0275,Tubería calibre/ref 33,Tubería,m,2333,PROV-31,13,100,500,0.0,0.0,0.0,0.0,0.0,0.0,39141962443.57715,100.00000000000004,44.09090909090909,C,20.353932584269664,0.0,513.26,0.0,0.0,0.0
MP-0409,Tornillería calibre/ref 29,Tornillería,unidad,13425,PROV-26,6,100,500,0.0,0.0,0.0,0.0,0.0,0.0,39141962443.57715,100.00000000000004,44.31818181818182,C,21.359223300970875,0.0,2953.5,0.0,0.0,0.0
MP-0274,Tubería calibre/ref 12,Tubería,m,8520,PROV-22,8,100,500,0.0,0.0,0.0,0.0,0.0,0.0,39141962443.57715,100.00000000000004,44.54545454545455,C,20.353932584269664,0.0,1874.4,0.0,0.0,0.0
MP-0205,Correderas calibre/ref 12,Correderas,par,2925,PROV-30,9,100,500,0.0,0.0,0.0,0.0,0.0,0.0,39141962443.57715,100.00000000000004,44.77272727272727,C,23.56053811659193,0.0,643.5,0.0,0.0,0.0
MP-0223,Tornillería calibre/ref 36,Tornillería,unidad,10102,PROV-30,13,100,500,0.0,0.0,0.0,0.0,0.0,0.0,39141962443.57715,100.00000000000004,45.0,C,21.359223300970875,0.0,2222.44,0.0,0.0,0.0
MP-0302,Tubería calibre/ref 29,Tubería,m,4885,PROV-28,29,100,500,0.0,0.0,0.0,0.0,0.0,0.0,39141962443.57715,100.00000000000004,45.22727272727273,C,20.353932584269664,0.0,1074.7,0.0,0.0,0.0
MP-90390,Tornillería (dup),Tornillería,unidad,15622,PROV-17,13,100,500,0.0,0.0,0.0,0.0,0.0,0.0,39141962443.57715,100.00000000000004,45.45454545454545,C,21.359223300970875,0.0,3436.84,0.0,0.0,0.0
MP-0173,Tubería calibre/ref 35,Tubería,m,7717,PROV-25,9,100,500,0.0,0.0,0.0,0.0,0.0,0.0,39141962443.57715,100.00000000000004,45.68181818181819,C,20.353932584269664,0.0,1697.74,0.0,0.0,0.0
MP-0413,Empaque calibre/ref 36,Empaque,unidad,332,PROV-15,7,100,500,0.0,0.0,0.0,0.0,0.0,0.0,39141962443.57715,100.00000000000004,45.909090909090914,C,22.625,0.0,73.04,0.0,0.0,0.0
MP-0079,Lámina calibre/ref 13,Lámina,lámina,61211,PROV-27,15,100,500,0.0,0.0,0.0,0.0,0.0,0.0,39141962443.57715,100.00000000000004,46.13636363636363,C,20.77570093457944,0.0,13466.42,0.0,0.0,0.0
MP-0395,Empaque calibre/ref 21,Empaque,unidad,12818,PROV-31,7,100,500,0.0,0.0,0.0,0.0,0.0,0.0,39141962443.57715,100.00000000000004,46.36363636363636,C,22.625,0.0,2819.96,0.0,0.0,0.0
MP-0095,Pintura calibre/ref 39,Pintura,kg,49436,PROV-08,8,100,500,0.0,0.0,0.0,0.0,0.0,0.0,39141962443.57715,100.00000000000004,46.590909090909086,C,21.453333333333333,0.0,10875.92,0.0,0.0,0.0
MP-0204,Correderas calibre/ref 22,Correderas,par,3743,PROV-09,6,100,500,0.0,0.0,0.0,0.0,0.0,0.0,39141962443.57715,100.00000000000004,46.81818181818182,C,23.56053811659193,0.0,823.46,0.0,0.0,0.0
MP-0184,Tornillería calibre/ref 3,Tornillería,unidad,13370,PROV-35,8,100,500,0.0,0.0,0.0,0.0,0.0,0.0,39141962443.57715,100.00000000000004,47.04545454545455,C,21.359223300970875,0.0,2941.4,0.0,0.0,0.0
MP-0258,Empaque calibre/ref 38,Empaque,unidad,14988,PROV-11,9,100,500,0.0,0.0,0.0,0.0,0.0,0.0,39141962443.57715,100.00000000000004,47.27272727272727,C,22.625,0.0,3297.36,0.0,0.0,0.0
MP-0190,Vidrio calibre/ref 20,Vidrio,m2,8785,PROV-30,5,100,500,0.0,0.0,0.0,0.0,0.0,0.0,39141962443.57715,100.00000000000004,47.5,C,20.402439024390244,0.0,1932.7,0.0,0.0,0.0
MP-0269,Vidrio calibre/ref 13,Vidrio,m2,2974,PROV-12,6,100,500,0.0,0.0,0.0,0.0,0.0,0.0,39141962443.57715,100.00000000000004,47.72727272727273,C,20.402439024390244,0.0,654.28,0.0,0.0,0.0
MP-0044,Vidrio calibre/ref 25,Vidrio,m2,64011,PROV-06,5,100,500,0.0,0.0,0.0,0.0,0.0,0.0,39141962443.57715,100.00000000000004,47.95454545454545,C,20.402439024390244,0.0,14082.42,0.0,0.0,0.0
MP-0419,Correderas calibre/ref 5,Correderas,par,10429,PROV-34,9,100,500,0.0,0.0,0.0,0.0,0.0,0.0,39141962443.57715,100.00000000000004,48.18181818181818,C,23.56053811659193,0.0,2294.38,0.0,0.0,0.0
MP-0072,Adhesivos calibre/ref 35,Adhesivos,kg,15680,PROV-09,13,100,500,0.0,0.0,0.0,0.0,0.0,0.0,39141962443.57715,100.00000000000004,48.40909090909091,C,24.979591836734695,0.0,3449.6,0.0,0.0,0.0
MP-90370,Tubería (dup),Tubería,m,15454,PROV-35,15,100,500,0.0,0.0,0.0,0.0,0.0,0.0,39141962443.57715,100.00000000000004,48.63636363636364,C,20.353932584269664,0.0,3399.88,0.0,0.0,0.0
MP-0194,Pintura calibre/ref 9,Pintura,kg,7578,PROV-08,13,100,500,0.0,0.0,0.0,0.0,0.0,0.0,39141962443.57715,100.00000000000004,48.86363636363637,C,21.453333333333333,0.0,1667.16,0.0,0.0,0.0
MP-0261,Vidrio calibre/ref 11,Vidrio,m2,4365,PROV-33,7,100,500,0.0,0.0,0.0,0.0,0.0,0.0,39141962443.57715,100.00000000000004,49.09090909090909,C,20.402439024390244,0.0,960.3,0.0,0.0,0.0
MP-0186,Empaque calibre/ref 10,Empaque,unidad,14860,PROV-08,16,100,500,0.0,0.0,0.0,0.0,0.0,0.0,39141962443.57715,100.00000000000004,49.31818181818181,C,22.625,0.0,3269.2,0.0,0.0,0.0
MP-0267,Tubería calibre/ref 24,Tubería,m,7722,PROV-10,11,100,500,0.0,0.0,0.0,0.0,0.0,0.0,39141962443.57715,100.00000000000004,49.54545454545455,C,20.353932584269664,0.0,1698.84,0.0,0.0,0.0
MP-0314,Vidrio calibre/ref 30,Vidrio,m2,3975,PROV-11,9,100,500,0.0,0.0,0.0,0.0,0.0,0.0,39141962443.57715,100.00000000000004,49.77272727272727,C,20.402439024390244,0.0,874.5,0.0,0.0,0.0
MP-0168,Adhesivos calibre/ref 15,Adhesivos,kg,2412,PROV-27,10,100,500,0.0,0.0,0.0,0.0,0.0,0.0,39141962443.57715,100.00000000000004,50.0,C,24.979591836734695,0.0,530.64,0.0,0.0,0.0
MP-0346,Correderas calibre/ref 37,Correderas,par,8492,PROV-31,14,100,500,0.0,0.0,0.0,0.0,0.0,0.0,39141962443.57715,100.00000000000004,50.227272727272734,C,23.56053811659193,0.0,1868.24,0.0,0.0,0.0
MP-0326,Vidrio calibre/ref 25,Vidrio,m2,913,PROV-23,7,100,500,0.0,0.0,0.0,0.0,0.0,0.0,39141962443.57715,100.00000000000004,50.45454545454545,C,20.402439024390244,0.0,200.86,0.0,0.0,0.0
MP-90183,Tubería (dup),Tubería,m,14062,PROV-20,15,100,500,0.0,0.0,0.0,0.0,0.0,0.0,39141962443.57715,100.00000000000004,50.68181818181819,C,20.353932584269664,0.0,3093.64,0.0,0.0,0.0
MP-0237,Correderas calibre/ref 14,Correderas,par,2056,PROV-30,11,100,500,0.0,0.0,0.0,0.0,0.0,0.0,39141962443.57715,100.00000000000004,50.90909090909091,C,23.56053811659193,0.0,452.32,0.0,0.0,0.0
MP-0251,Lámina calibre/ref 15,Lámina,lámina,11276,PROV-29,10,100,500,0.0,0.0,0.0,0.0,0.0,0.0,39141962443.57715,100.00000000000004,51.13636363636363,C,20.77570093457944,0.0,2480.72,0.0,0.0,0.0
MP-0068,Empaque calibre/ref 40,Empaque,unidad,33602,PROV-24,9,100,500,0.0,0.0,0.0,0.0,0.0,0.0,39141962443.57715,100.00000000000004,51.36363636363637,C,22.625,0.0,7392.44,0.0,0.0,0.0
MP-0266,Pintura calibre/ref 19,Pintura,kg,8009,PROV-07,23,100,500,0.0,0.0,0.0,0.0,0.0,0.0,39141962443.57715,100.00000000000004,51.590909090909086,C,21.453333333333333,0.0,1761.98,0.0,0.0,0.0
MP-0394,Vidrio calibre/ref 15,Vidrio,m2,1688,PROV-21,6,100,500,0.0,0.0,0.0,0.0,0.0,0.0,39141962443.57715,100.00000000000004,51.81818181818182,C,20.402439024390244,0.0,371.36,0.0,0.0,0.0
MP-0155,Tornillería calibre/ref 15,Tornillería,unidad,14126,PROV-09,8,100,500,0.0,0.0,0.0,0.0,0.0,0.0,39141962443.57715,100.00000000000004,52.04545454545455,C,21.359223300970875,0.0,3107.72,0.0,0.0,0.0
MP-0180,Empaque calibre/ref 28,Empaque,unidad,6718,PROV-22,13,100,500,0.0,0.0,33.0,0.0,0.0,0.0,39141962443.57715,100.00000000000004,52.27272727272727,C,22.625,0.0,1477.96,0.0,0.0,0.0
MP-0115,Lámina calibre/ref 39,Lámina,lámina,26639,PROV-18,19,100,500,0.0,0.0,0.0,0.0,0.0,0.0,39141962443.57715,100.00000000000004,52.5,C,20.77570093457944,0.0,5860.58,0.0,0.0,0.0
MP-0262,Correderas calibre/ref 27,Correderas,par,10446,PROV-30,8,100,500,0.0,0.0,0.0,0.0,0.0,0.0,39141962443.57715,100.00000000000004,52.72727272727272,C,23.56053811659193,0.0,2298.12,0.0,0.0,0.0
MP-0171,Tornillería calibre/ref 28,Tornillería,unidad,3672,PROV-13,12,100,500,0.0,0.0,0.0,0.0,0.0,0.0,39141962443.57715,100.00000000000004,52.95454545454545,C,21.359223300970875,0.0,807.84,0.0,0.0,0.0
MP-0210,Empaque calibre/ref 29,Empaque,unidad,7603,PROV-03,6,100,500,0.0,0.0,0.0,0.0,0.0,0.0,39141962443.57715,100.00000000000004,53.18181818181819,C,22.625,0.0,1672.66,0.0,0.0,0.0
MP-0368,Pintura calibre/ref 4,Pintura,kg,9888,PROV-19,22,100,500,0.0,0.0,0.0,0.0,0.0,0.0,39141962443.57715,100.00000000000004,53.40909090909091,C,21.453333333333333,0.0,2175.36,0.0,0.0,0.0
MP-0053,Tubería calibre/ref 22,Tubería,m,21843,PROV-21,12,100,500,0.0,0.0,0.0,0.0,0.0,0.0,39141962443.57715,100.00000000000004,53.63636363636364,C,20.353932584269664,0.0,4805.46,0.0,0.0,0.0
MP-0164,Vidrio calibre/ref 14,Vidrio,m2,1846,PROV-10,9,100,500,0.0,0.0,0.0,0.0,0.0,0.0,39141962443.57715,100.00000000000004,53.86363636363637,C,20.402439024390244,0.0,406.12,0.0,0.0,0.0
MP-0327,Tubería calibre/ref 23,Tubería,m,8037,PROV-06,14,100,500,0.0,0.0,0.0,0.0,0.0,0.0,39141962443.57715,100.00000000000004,54.090909090909086,C,20.353932584269664,0.0,1768.14,0.0,0.0,0.0
MP-0265,Tornillería calibre/ref 19,Tornillería,unidad,8263,PROV-29,7,100,500,0.0,0.0,0.0,0.0,0.0,0.0,39141962443.57715,100.00000000000004,54.31818181818182,C,21.359223300970875,0.0,1817.86,0.0,0.0,0.0
MP-0414,Empaque calibre/ref 10,Empaque,unidad,2703,PROV-17,12,100,500,0.0,0.0,0.0,0.0,0.0,0.0,39141962443.57715,100.00000000000004,54.54545454545454,C,22.625,0.0,594.66,0.0,0.0,0.0
MP-0296,Adhesivos calibre/ref 1,Adhesivos,kg,10190,PROV-11,10,100,500,0.0,0.0,0.0,0.0,0.0,0.0,39141962443.57715,100.00000000000004,54.77272727272727,C,24.979591836734695,0.0,2241.8,0.0,0.0,0.0
MP-0112,Adhesivos calibre/ref 5,Adhesivos,kg,23398,PROV-20,11,100,500,0.0,0.0,0.0,0.0,0.0,0.0,39141962443.57715,100.00000000000004,55.00000000000001,C,24.979591836734695,0.0,5147.56,0.0,0.0,0.0
MP-0198,Pintura calibre/ref 7,Pintura,kg,13940,PROV-26,17,100,500,0.0,0.0,0.0,0.0,0.0,0.0,39141962443.57715,100.00000000000004,55.22727272727273,C,21.453333333333333,0.0,3066.8,0.0,0.0,0.0
MP-0054,Correderas calibre/ref 17,Correderas,par,52942,PROV-35,6,100,500,0.0,0.0,0.0,0.0,0.0,0.0,39141962443.57715,100.00000000000004,55.45454545454545,C,23.56053811659193,0.0,11647.24,0.0,0.0,0.0
MP-90137,Vidrio (dup),Vidrio,m2,41373,PROV-09,6,100,500,0.0,0.0,0.0,0.0,0.0,0.0,39141962443.57715,100.00000000000004,55.68181818181818,C,20.402439024390244,0.0,9102.06,0.0,0.0,0.0
MP-0397,Empaque calibre/ref 20,Empaque,unidad,8205,PROV-14,6,100,500,0.0,0.0,0.0,0.0,0.0,0.0,39141962443.57715,100.00000000000004,55.90909090909091,C,22.625,0.0,1805.1,0.0,0.0,0.0
MP-0286,Vidrio calibre/ref 2,Vidrio,m2,8518,PROV-06,7,100,500,0.0,0.0,0.0,0.0,0.0,0.0,39141962443.57715,100.00000000000004,56.13636363636364,C,20.402439024390244,0.0,1873.96,0.0,0.0,0.0
MP-0046,Pintura calibre/ref 27,Pintura,kg,36673,PROV-14,16,100,500,0.0,0.0,0.0,0.0,0.0,0.0,39141962443.57715,100.00000000000004,56.36363636363636,C,21.453333333333333,0.0,8068.06,0.0,0.0,0.0
MP-0316,Tubería calibre/ref 40,Tubería,m,10502,PROV-07,11,100,500,0.0,0.0,0.0,0.0,0.0,0.0,39141962443.57715,100.00000000000004,56.59090909090909,C,20.353932584269664,0.0,2310.44,0.0,0.0,0.0
MP-0230,Correderas calibre/ref 26,Correderas,par,11714,PROV-04,8,100,500,0.0,0.0,0.0,0.0,0.0,0.0,39141962443.57715,100.00000000000004,56.81818181818182,C,23.56053811659193,0.0,2577.08,0.0,0.0,0.0
MP-0374,Pintura calibre/ref 11,Pintura,kg,2099,PROV-15,5,100,500,0.0,0.0,0.0,0.0,0.0,0.0,39141962443.57715,100.00000000000004,57.04545454545455,C,21.453333333333333,0.0,461.78000000000003,0.0,0.0,0.0
MP-0392,Vidrio calibre/ref 34,Vidrio,m2,1025,PROV-05,9,100,500,0.0,0.0,0.0,0.0,0.0,0.0,39141962443.57715,100.00000000000004,57.27272727272727,C,20.402439024390244,0.0,225.5,0.0,0.0,0.0
MP-0089,Lámina calibre/ref 24,Lámina,lámina,56054,PROV-14,9,100,500,0.0,0.0,0.0,0.0,0.0,0.0,39141962443.57715,100.00000000000004,57.49999999999999,C,20.77570093457944,0.0,12331.88,0.0,0.0,0.0
MP-0082,Tornillería calibre/ref 15,Tornillería,unidad,23972,PROV-14,7,100,500,0.0,0.0,0.0,0.0,0.0,0.0,39141962443.57715,100.00000000000004,57.72727272727273,C,21.359223300970875,0.0,5273.84,0.0,0.0,0.0
MP-0025,Vidrio calibre/ref 34,Vidrio,m2,216530,PROV-24,19,100,500,0.0,0.0,0.0,0.0,0.0,0.0,39141962443.57715,100.00000000000004,57.95454545454546,C,20.402439024390244,0.0,47636.6,0.0,0.0,0.0
MP-0279,Adhesivos calibre/ref 6,Adhesivos,kg,1287,PROV-17,14,100,500,0.0,0.0,0.0,0.0,0.0,0.0,39141962443.57715,100.00000000000004,58.18181818181818,C,24.979591836734695,0.0,283.14,0.0,0.0,0.0
MP-0363,Adhesivos calibre/ref 33,Adhesivos,kg,8678,PROV-05,21,100,500,0.0,0.0,11.0,0.0,0.0,0.0,39141962443.57715,100.00000000000004,58.409090909090914,C,24.979591836734695,0.0,1909.16,0.0,0.0,0.0
MP-0345,Lámina calibre/ref 26,Lámina,lámina,14371,PROV-31,6,100,500,0.0,0.0,0.0,0.0,0.0,0.0,39141962443.57715,100.00000000000004,58.63636363636363,C,20.77570093457944,0.0,3161.62,0.0,0.0,0.0
MP-0277,Empaque calibre/ref 37,Empaque,unidad,1976,PROV-23,11,100,500,0.0,0.0,0.0,0.0,0.0,0.0,39141962443.57715,100.00000000000004,58.86363636363636,C,22.625,0.0,434.72,0.0,0.0,0.0
MP-0225,Empaque calibre/ref 17,Empaque,unidad,7878,PROV-02,5,100,500,0.0,0.0,0.0,0.0,0.0,0.0,39141962443.57715,100.00000000000004,59.09090909090909,C,22.625,0.0,1733.16,0.0,0.0,0.0
MP-0289,Adhesivos calibre/ref 9,Adhesivos,kg,10185,PROV-30,13,100,500,0.0,0.0,31.0,0.0,0.0,0.0,39141962443.57715,100.00000000000004,59.31818181818181,C,24.979591836734695,0.0,2240.7,0.0,0.0,0.0
MP-0338,Empaque calibre/ref 33,Empaque,unidad,4061,PROV-30,15,100,500,0.0,0.0,0.0,0.0,0.0,0.0,39141962443.57715,100.00000000000004,59.54545454545455,C,22.625,0.0,893.42,0.0,0.0,0.0
MP-0318,Correderas calibre/ref 26,Correderas,par,13277,PROV-34,14,100,500,0.0,0.0,0.0,0.0,0.0,0.0,39141962443.57715,100.00000000000004,59.77272727272728,C,23.56053811659193,0.0,2920.94,0.0,0.0,0.0
MP-0255,Tornillería calibre/ref 6,Tornillería,unidad,7693,PROV-35,13,100,500,0.0,0.0,0.0,0.0,0.0,0.0,39141962443.57715,100.00000000000004,60.0,C,21.359223300970875,0.0,1692.46,0.0,0.0,0.0
MP-0263,Tubería calibre/ref 33,Tubería,m,4802,PROV-21,6,100,500,0.0,0.0,0.0,0.0,0.0,0.0,39141962443.57715,100.00000000000004,60.22727272727273,C,20.353932584269664,0.0,1056.44,0.0,0.0,0.0
MP-90091,Tubería (dup),Tubería,m,80087,PROV-11,11,100,500,0.0,0.0,0.0,0.0,0.0,0.0,39141962443.57715,100.00000000000004,60.45454545454545,C,20.353932584269664,0.0,17619.14,0.0,0.0,0.0
MP-0167,Correderas calibre/ref 34,Correderas,par,13015,PROV-33,16,100,500,0.0,0.0,0.0,0.0,0.0,0.0,39141962443.57715,100.00000000000004,60.68181818181818,C,23.56053811659193,0.0,2863.3,0.0,0.0,0.0
MP-0093,Adhesivos calibre/ref 7,Adhesivos,kg,67888,PROV-20,14,100,500,0.0,0.0,0.0,0.0,0.0,0.0,39141962443.57715,100.00000000000004,60.909090909090914,C,24.979591836734695,0.0,14935.36,0.0,0.0,0.0
MP-0125,Tubería calibre/ref 6,Tubería,m,76778,PROV-12,6,100,500,0.0,0.0,0.0,0.0,0.0,0.0,39141962443.57715,100.00000000000004,61.13636363636363,C,20.353932584269664,0.0,16891.16,0.0,0.0,0.0
MP-0276,Correderas calibre/ref 16,Correderas,par,1815,PROV-06,7,100,500,0.0,0.0,0.0,0.0,0.0,0.0,39141962443.57715,100.00000000000004,61.36363636363637,C,23.56053811659193,0.0,399.3,0.0,0.0,0.0
MP-0280,Vidrio calibre/ref 36,Vidrio,m2,2504,PROV-10,5,100,500,0.0,0.0,0.0,0.0,0.0,0.0,39141962443.57715,100.00000000000004,61.59090909090909,C,20.402439024390244,0.0,550.88,0.0,0.0,0.0
MP-0063,Adhesivos calibre/ref 37,Adhesivos,kg,30966,PROV-34,12,100,500,0.0,0.0,0.0,0.0,0.0,0.0,39141962443.57715,100.00000000000004,61.81818181818181,C,24.979591836734695,0.0,6812.52,0.0,0.0,0.0
MP-0406,Tubería calibre/ref 27,Tubería,m,1249,PROV-34,16,100,500,0.0,0.0,0.0,0.0,0.0,0.0,39141962443.57715,100.00000000000004,62.04545454545455,C,20.353932584269664,0.0,274.78000000000003,0.0,0.0,0.0
MP-90018,Adhesivos (dup),Adhesivos,kg,104040,PROV-07,11,100,500,0.0,0.0,0.0,0.0,0.0,0.0,39141962443.57715,100.00000000000004,62.272727272727266,C,24.979591836734695,0.0,22888.8,0.0,0.0,0.0
MP-0031,Pintura calibre/ref 18,Pintura,kg,324073,PROV-17,13,100,500,0.0,0.0,0.0,0.0,0.0,0.0,39141962443.57715,100.00000000000004,62.5,C,21.453333333333333,0.0,71296.06,0.0,0.0,0.0
MP-0035,Empaque calibre/ref 39,Empaque,unidad,391712,PROV-34,17,100,500,0.0,0.0,0.0,0.0,0.0,0.0,39141962443.57715,100.00000000000004,62.727272727272734,C,22.625,0.0,86176.64,0.0,0.0,0.0
MP-90157,Tornillería (dup),Tornillería,unidad,2888,PROV-12,6,100,500,0.0,0.0,0.0,0.0,0.0,0.0,39141962443.57715,100.00000000000004,62.95454545454545,C,21.359223300970875,0.0,635.36,0.0,0.0,0.0
MP-0105,Lámina calibre/ref 21,Lámina,lámina,56750,PROV-29,11,100,500,0.0,0.0,0.0,0.0,0.0,0.0,39141962443.57715,100.00000000000004,63.18181818181819,C,20.77570093457944,0.0,12485.0,0.0,0.0,0.0
MP-0248,Tornillería calibre/ref 23,Tornillería,unidad,860,PROV-14,6,100,500,0.0,0.0,0.0,0.0,0.0,0.0,39141962443.57715,100.00000000000004,63.40909090909091,C,21.359223300970875,0.0,189.2,0.0,0.0,0.0
MP-0240,Correderas calibre/ref 20,Correderas,par,6284,PROV-07,10,100,500,0.0,0.0,0.0,0.0,0.0,0.0,39141962443.57715,100.00000000000004,63.63636363636363,C,23.56053811659193,0.0,1382.48,0.0,0.0,0.0
MP-0398,Correderas calibre/ref 39,Correderas,par,653,PROV-25,18,100,500,0.0,0.0,0.0,0.0,0.0,0.0,39141962443.57715,100.00000000000004,63.86363636363637,C,23.56053811659193,0.0,143.66,0.0,0.0,0.0
MP-0420,Adhesivos calibre/ref 30,Adhesivos,kg,13429,PROV-33,7,100,500,0.0,0.0,0.0,0.0,0.0,0.0,39141962443.57715,100.00000000000004,64.0909090909091,C,24.979591836734695,0.0,2954.38,0.0,0.0,0.0
MP-90038,Adhesivos (dup),Adhesivos,kg,339193,PROV-32,18,100,500,0.0,0.0,0.0,0.0,0.0,0.0,39141962443.57715,100.00000000000004,64.31818181818181,C,24.979591836734695,0.0,74622.46,0.0,0.0,0.0
MP-0100,Pintura calibre/ref 33,Pintura,kg,61699,PROV-10,8,100,500,0.0,0.0,0.0,0.0,0.0,0.0,39141962443.57715,100.00000000000004,64.54545454545455,C,21.453333333333333,0.0,13573.78,0.0,0.0,0.0
MP-0050,Pintura calibre/ref 32,Pintura,kg,63500,PROV-26,6,100,500,0.0,0.0,0.0,0.0,0.0,0.0,39141962443.57715,100.00000000000004,64.77272727272727,C,21.453333333333333,0.0,13970.0,0.0,0.0,0.0
MP-0307,Pintura calibre/ref 23,Pintura,kg,2975,PROV-09,6,100,500,0.0,0.0,0.0,0.0,0.0,0.0,39141962443.57715,100.00000000000004,65.0,C,21.453333333333333,0.0,654.5,0.0,0.0,0.0
MP-0104,Tubería calibre/ref 14,Tubería,m,71159,PROV-06,13,100,500,0.0,0.0,0.0,0.0,0.0,0.0,39141962443.57715,100.00000000000004,65.22727272727272,C,20.353932584269664,0.0,15654.98,0.0,0.0,0.0
MP-0312,Vidrio calibre/ref 7,Vidrio,m2,7466,PROV-09,12,100,500,0.0,0.0,0.0,0.0,0.0,0.0,39141962443.57715,100.00000000000004,65.45454545454545,C,20.402439024390244,0.0,1642.52,0.0,0.0,0.0
MP-0107,Lámina calibre/ref 39,Lámina,lámina,69513,PROV-07,14,100,500,0.0,0.0,0.0,0.0,0.0,0.0,39141962443.57715,100.00000000000004,65.68181818181819,C,20.77570093457944,0.0,15292.86,0.0,0.0,0.0
MP-90127,Pintura (dup),Pintura,kg,19690,PROV-19,8,100,500,0.0,0.0,0.0,0.0,0.0,0.0,39141962443.57715,100.00000000000004,65.9090909090909,C,21.453333333333333,0.0,4331.8,0.0,0.0,0.0
MP-0011,Adhesivos calibre/ref 36,Adhesivos,kg,356026,PROV-17,20,100,500,0.0,0.0,0.0,0.0,0.0,0.0,39141962443.57715,100.00000000000004,66.13636363636364,C,24.979591836734695,0.0,78325.72,0.0,0.0,0.0
MP-0310,Pintura calibre/ref 7,Pintura,kg,11146,PROV-26,12,100,500,0.0,0.0,0.0,0.0,0.0,0.0,39141962443.57715,100.00000000000004,66.36363636363637,C,21.453333333333333,0.0,2452.12,0.0,0.0,0.0
MP-0372,Pintura calibre/ref 3,Pintura,kg,7801,PROV-02,7,100,500,0.0,0.0,0.0,0.0,0.0,0.0,39141962443.57715,100.00000000000004,66.5909090909091,C,21.453333333333333,0.0,1716.22,0.0,0.0,0.0
MP-90185,Tornillería (dup),Tornillería,unidad,13693,PROV-23,9,100,500,0.0,0.0,0.0,0.0,0.0,0.0,39141962443.57715,100.00000000000004,66.81818181818183,C,21.359223300970875,0.0,3012.46,0.0,0.0,0.0
MP-0084,Adhesivos calibre/ref 1,Adhesivos,kg,26907,PROV-34,7,100,500,0.0,0.0,0.0,0.0,0.0,0.0,39141962443.57715,100.00000000000004,67.04545454545455,C,24.979591836734695,0.0,5919.54,0.0,0.0,0.0
MP-0306,Lámina calibre/ref 22,Lámina,lámina,6945,PROV-35,29,100,500,0.0,0.0,0.0,0.0,0.0,0.0,39141962443.57715,100.00000000000004,67.27272727272727,C,20.77570093457944,0.0,1527.9,0.0,0.0,0.0
MP-0328,Empaque calibre/ref 17,Empaque,unidad,11117,PROV-26,11,100,500,0.0,0.0,0.0,0.0,0.0,0.0,39141962443.57715,100.00000000000004,67.5,C,22.625,0.0,2445.7400000000002,0.0,0.0,0.0
MP-0243,Vidrio calibre/ref 37,Vidrio,m2,7117,PROV-20,8,100,500,0.0,0.0,0.0,0.0,0.0,0.0,39141962443.57715,100.00000000000004,67.72727272727272,C,20.402439024390244,0.0,1565.74,0.0,0.0,0.0
MP-0281,Lámina calibre/ref 27,Lámina,lámina,7868,PROV-05,11,100,500,0.0,0.0,0.0,0.0,0.0,0.0,39141962443.57715,100.00000000000004,67.95454545454545,C,20.77570093457944,0.0,1730.96,0.0,0.0,0.0
MP-0160,Correderas calibre/ref 31,Correderas,par,6056,PROV-28,12,100,500,0.0,0.0,0.0,0.0,0.0,0.0,39141962443.57715,100.00000000000004,68.18181818181817,C,23.56053811659193,0.0,1332.32,0.0,0.0,0.0
MP-0097,Vidrio calibre/ref 31,Vidrio,m2,56581,PROV-30,10,100,500,0.0,0.0,0.0,0.0,0.0,0.0,39141962443.57715,100.00000000000004,68.4090909090909,C,20.402439024390244,0.0,12447.82,0.0,0.0,0.0
MP-0308,Tubería calibre/ref 29,Tubería,m,8450,PROV-34,6,100,500,0.0,0.0,0.0,0.0,0.0,0.0,39141962443.57715,100.00000000000004,68.63636363636364,C,20.353932584269664,0.0,1859.0,0.0,0.0,0.0
MP-0417,Correderas calibre/ref 3,Correderas,par,13045,PROV-06,11,100,500,0.0,0.0,0.0,0.0,0.0,0.0,39141962443.57715,100.00000000000004,68.86363636363636,C,23.56053811659193,0.0,2869.9,0.0,0.0,0.0
MP-0135,Tubería calibre/ref 34,Tubería,m,25279,PROV-01,5,100,500,0.0,0.0,0.0,0.0,0.0,0.0,39141962443.57715,100.00000000000004,69.0909090909091,C,20.353932584269664,0.0,5561.38,0.0,0.0,0.0
MP-0252,Correderas calibre/ref 9,Correderas,par,8477,PROV-18,13,100,500,0.0,0.0,0.0,0.0,0.0,0.0,39141962443.57715,100.00000000000004,69.31818181818183,C,23.56053811659193,0.0,1864.94,0.0,0.0,0.0
MP-0332,Vidrio calibre/ref 35,Vidrio,m2,6819,PROV-07,16,100,500,0.0,0.0,0.0,0.0,0.0,0.0,39141962443.57715,100.00000000000004,69.54545454545455,C,20.402439024390244,0.0,1500.18,0.0,0.0,0.0
MP-0257,Adhesivos calibre/ref 13,Adhesivos,kg,3868,PROV-03,16,100,500,0.0,0.0,0.0,0.0,0.0,0.0,39141962443.57715,100.00000000000004,69.77272727272728,C,24.979591836734695,0.0,850.96,0.0,0.0,0.0
MP-0065,Adhesivos calibre/ref 1,Adhesivos,kg,35988,PROV-13,11,100,500,0.0,0.0,0.0,0.0,0.0,0.0,39141962443.57715,100.00000000000004,70.0,C,24.979591836734695,0.0,7917.36,0.0,0.0,0.0
MP-0176,Tubería calibre/ref 37,Tubería,m,579,PROV-23,5,100,500,0.0,0.0,0.0,0.0,0.0,0.0,39141962443.57715,100.00000000000004,70.22727272727273,C,20.353932584269664,0.0,127.38,0.0,0.0,0.0
MP-0295,Pintura calibre/ref 28,Pintura,kg,12068,PROV-12,9,100,500,0.0,0.0,0.0,0.0,0.0,0.0,39141962443.57715,100.00000000000004,70.45454545454545,C,21.453333333333333,0.0,2654.96,0.0,0.0,0.0
MP-0361,Tubería calibre/ref 32,Tubería,m,1316,PROV-23,17,100,500,0.0,0.0,0.0,0.0,0.0,0.0,39141962443.57715,100.00000000000004,70.68181818181817,C,20.353932584269664,0.0,289.52,0.0,0.0,0.0
MP-0271,Vidrio calibre/ref 17,Vidrio,m2,6198,PROV-18,10,100,500,0.0,0.0,0.0,0.0,0.0,0.0,39141962443.57715,100.00000000000004,70.9090909090909,C,20.402439024390244,0.0,1363.56,0.0,0.0,0.0
MP-0165,Lámina calibre/ref 3,Lámina,lámina,14129,PROV-02,9,100,500,0.0,0.0,0.0,0.0,0.0,0.0,39141962443.57715,100.00000000000004,71.13636363636363,C,20.77570093457944,0.0,3108.38,0.0,0.0,0.0
MP-0290,Tubería calibre/ref 40,Tubería,m,14877,PROV-13,14,100,500,0.0,0.0,0.0,0.0,0.0,0.0,39141962443.57715,100.00000000000004,71.36363636363636,C,20.353932584269664,0.0,3272.94,0.0,0.0,0.0
MP-0224,Pintura calibre/ref 3,Pintura,kg,14481,PROV-30,13,100,500,0.0,0.0,0.0,0.0,0.0,0.0,39141962443.57715,100.00000000000004,71.5909090909091,C,21.453333333333333,0.0,3185.82,0.0,0.0,0.0
MP-0403,Vidrio calibre/ref 10,Vidrio,m2,7247,PROV-32,7,100,500,0.0,0.0,0.0,0.0,0.0,0.0,39141962443.57715,100.00000000000004,71.81818181818181,C,20.402439024390244,0.0,1594.34,0.0,0.0,0.0
MP-0041,Empaque calibre/ref 15,Empaque,unidad,33775,PROV-26,9,100,500,0.0,0.0,0.0,0.0,0.0,0.0,39141962443.57715,100.00000000000004,72.04545454545455,C,22.625,0.0,7430.5,0.0,0.0,0.0
MP-0359,Tubería calibre/ref 1,Tubería,m,13436,PROV-27,11,100,500,0.0,0.0,0.0,0.0,0.0,0.0,39141962443.57715,100.00000000000004,72.27272727272728,C,20.353932584269664,0.0,2955.92,0.0,0.0,0.0
MP-0315,Tornillería calibre/ref 19,Tornillería,unidad,447,PROV-04,7,100,500,0.0,0.0,0.0,0.0,0.0,0.0,39141962443.57715,100.00000000000004,72.5,C,21.359223300970875,0.0,98.34,0.0,0.0,0.0
MP-0311,Empaque calibre/ref 20,Empaque,unidad,4693,PROV-26,8,100,500,0.0,0.0,0.0,0.0,0.0,0.0,39141962443.57715,100.00000000000004,72.72727272727273,C,22.625,0.0,1032.46,0.0,0.0,0.0
MP-0235,Empaque calibre/ref 3,Empaque,unidad,6681,PROV-28,6,100,500,0.0,0.0,0.0,0.0,0.0,0.0,39141962443.57715,100.00000000000004,72.95454545454545,C,22.625,0.0,1469.82,0.0,0.0,0.0
MP-0177,Pintura calibre/ref 4,Pintura,kg,929,PROV-17,8,100,500,0.0,0.0,0.0,0.0,0.0,0.0,39141962443.57715,100.00000000000004,73.18181818181819,C,21.453333333333333,0.0,204.38,0.0,0.0,0.0
MP-0249,Vidrio calibre/ref 19,Vidrio,m2,13337,PROV-29,38,100,500,0.0,0.0,0.0,0.0,0.0,0.0,39141962443.57715,100.00000000000004,73.4090909090909,C,20.402439024390244,0.0,2934.14,0.0,0.0,0.0
MP-0283,Empaque calibre/ref 40,Empaque,unidad,10720,PROV-20,8,100,500,0.0,0.0,0.0,0.0,0.0,0.0,39141962443.57715,100.00000000000004,73.63636363636363,C,22.625,0.0,2358.4,0.0,0.0,0.0
MP-0287,Lámina calibre/ref 3,Lámina,lámina,13398,PROV-07,10,100,500,0.0,0.0,0.0,0.0,0.0,0.0,39141962443.57715,100.00000000000004,73.86363636363636,C,20.77570093457944,0.0,2947.56,0.0,0.0,0.0
MP-0331,Adhesivos calibre/ref 13,Adhesivos,kg,14953,PROV-30,6,100,500,0.0,0.0,0.0,0.0,0.0,0.0,39141962443.57715,100.00000000000004,74.0909090909091,C,24.979591836734695,0.0,3289.66,0.0,0.0,0.0
MP-0300,Adhesivos calibre/ref 39,Adhesivos,kg,6323,PROV-02,10,100,500,0.0,0.0,0.0,0.0,0.0,0.0,39141962443.57715,100.00000000000004,74.31818181818181,C,24.979591836734695,0.0,1391.06,0.0,0.0,0.0
MP-0075,Tubería calibre/ref 3,Tubería,m,30143,PROV-33,6,100,500,0.0,0.0,0.0,0.0,0.0,0.0,39141962443.57715,100.00000000000004,74.54545454545455,C,20.353932584269664,0.0,6631.46,0.0,0.0,0.0
MP-0048,Lámina calibre/ref 18,Lámina,lámina,15566,PROV-07,8,100,500,0.0,0.0,0.0,0.0,0.0,0.0,39141962443.57715,100.00000000000004,74.77272727272727,C,20.77570093457944,0.0,3424.52,0.0,0.0,0.0
MP-0246,Empaque calibre/ref 37,Empaque,unidad,10117,PROV-05,13,100,500,0.0,0.0,0.0,0.0,0.0,0.0,39141962443.57715,100.00000000000004,75.0,C,22.625,0.0,2225.7400000000002,0.0,0.0,0.0
MP-0313,Tubería calibre/ref 38,Tubería,m,12338,PROV-07,7,100,500,0.0,0.0,0.0,0.0,0.0,0.0,39141962443.57715,100.00000000000004,75.22727272727273,C,20.353932584269664,0.0,2714.36,0.0,0.0,0.0
MP-0038,Adhesivos calibre/ref 34,Adhesivos,kg,307900,PROV-32,18,100,500,0.0,0.0,0.0,0.0,0.0,0.0,39141962443.57715,100.00000000000004,75.45454545454545,C,24.979591836734695,0.0,67738.0,0.0,0.0,0.0
MP-0382,Adhesivos calibre/ref 5,Adhesivos,kg,12199,PROV-12,7,100,500,0.0,0.0,0.0,0.0,0.0,0.0,39141962443.57715,100.00000000000004,75.68181818181819,C,24.979591836734695,0.0,2683.78,0.0,0.0,0.0
MP-0305,Lámina calibre/ref 30,Lámina,lámina,4165,PROV-16,12,100,500,0.0,0.0,0.0,0.0,0.0,0.0,39141962443.57715,100.00000000000004,75.9090909090909,C,20.77570093457944,0.0,916.3,0.0,0.0,0.0
MP-0259,Tubería calibre/ref 17,Tubería,m,1924,PROV-27,13,100,500,0.0,0.0,0.0,0.0,0.0,0.0,39141962443.57715,100.00000000000004,76.13636363636364,C,20.353932584269664,0.0,423.28000000000003,0.0,0.0,0.0
MP-0218,Pintura calibre/ref 24,Pintura,kg,10287,PROV-07,6,100,500,0.0,0.0,0.0,0.0,0.0,0.0,39141962443.57715,100.00000000000004,76.36363636363637,C,21.453333333333333,0.0,2263.14,0.0,0.0,0.0
MP-0256,Pintura calibre/ref 23,Pintura,kg,1070,PROV-29,5,100,500,0.0,0.0,0.0,0.0,0.0,0.0,39141962443.57715,100.00000000000004,76.5909090909091,C,21.453333333333333,0.0,235.4,0.0,0.0,0.0
MP-0023,Adhesivos calibre/ref 3,Adhesivos,kg,120113,PROV-26,16,100,500,0.0,0.0,0.0,0.0,0.0,0.0,39141962443.57715,100.00000000000004,76.81818181818181,C,24.979591836734695,0.0,26424.86,0.0,0.0,0.0
MP-0222,Tubería calibre/ref 3,Tubería,m,1810,PROV-11,15,100,500,0.0,0.0,0.0,0.0,0.0,0.0,39141962443.57715,100.00000000000004,77.04545454545455,C,20.353932584269664,0.0,398.2,0.0,0.0,0.0
MP-0174,Adhesivos calibre/ref 40,Adhesivos,kg,13913,PROV-31,10,100,500,0.0,0.0,25.0,0.0,0.0,0.0,39141962443.57715,100.00000000000004,77.27272727272727,C,24.979591836734695,0.0,3060.86,0.0,0.0,0.0
MP-0126,Vidrio calibre/ref 16,Vidrio,m2,42475,PROV-23,13,100,500,0.0,0.0,0.0,0.0,0.0,0.0,39141962443.57715,100.00000000000004,77.5,C,20.402439024390244,0.0,9344.5,0.0,0.0,0.0
MP-0017,Correderas calibre/ref 12,Correderas,par,165823,PROV-32,22,100,500,0.0,0.0,0.0,0.0,0.0,0.0,39141962443.57715,100.00000000000004,77.72727272727272,C,23.56053811659193,0.0,36481.06,0.0,0.0,0.0
MP-0057,Tornillería calibre/ref 18,Tornillería,unidad,65040,PROV-02,8,100,500,0.0,0.0,0.0,0.0,0.0,0.0,39141962443.57715,100.00000000000004,77.95454545454545,C,21.359223300970875,0.0,14308.8,0.0,0.0,0.0
MP-0234,Vidrio calibre/ref 13,Vidrio,m2,13458,PROV-34,11,100,500,0.0,0.0,0.0,0.0,0.0,0.0,39141962443.57715,100.00000000000004,78.18181818181819,C,20.402439024390244,0.0,2960.76,0.0,0.0,0.0
MP-0396,Lámina calibre/ref 35,Lámina,lámina,4858,PROV-09,13,100,500,0.0,0.0,0.0,0.0,0.0,0.0,39141962443.57715,100.00000000000004,78.4090909090909,C,20.77570093457944,0.0,1068.76,0.0,0.0,0.0
MP-0351,Tubería calibre/ref 15,Tubería,m,11483,PROV-27,14,100,500,0.0,0.0,0.0,0.0,0.0,0.0,39141962443.57715,100.00000000000004,78.63636363636364,C,20.353932584269664,0.0,2526.26,0.0,0.0,0.0
MP-0329,Vidrio calibre/ref 2,Vidrio,m2,4253,PROV-03,12,100,500,0.0,0.0,0.0,0.0,0.0,0.0,39141962443.57715,100.00000000000004,78.86363636363637,C,20.402439024390244,0.0,935.66,0.0,0.0,0.0
MP-0172,Correderas calibre/ref 21,Correderas,par,11722,PROV-04,11,100,500,0.0,0.0,0.0,0.0,0.0,0.0,39141962443.57715,100.00000000000004,79.0909090909091,C,23.56053811659193,0.0,2578.84,0.0,0.0,0.0
MP-0191,Correderas calibre/ref 34,Correderas,par,12700,PROV-05,13,100,500,0.0,0.0,0.0,0.0,0.0,0.0,39141962443.57715,100.00000000000004,79.31818181818183,C,23.56053811659193,0.0,2794.0,0.0,0.0,0.0
MP-0297,Tornillería calibre/ref 7,Tornillería,unidad,7673,PROV-02,25,100,500,0.0,0.0,0.0,0.0,0.0,0.0,39141962443.57715,100.00000000000004,79.54545454545455,C,21.359223300970875,0.0,1688.06,0.0,0.0,0.0
MP-0092,Pintura calibre/ref 37,Pintura,kg,22184,PROV-11,23,100,500,0.0,0.0,0.0,0.0,0.0,0.0,39141962443.57715,100.00000000000004,79.77272727272727,C,21.453333333333333,0.0,4880.4800000000005,0.0,0.0,0.0
MP-0220,Tubería calibre/ref 13,Tubería,m,1498,PROV-19,6,100,500,0.0,0.0,0.0,0.0,0.0,0.0,39141962443.57715,100.00000000000004,80.0,C,20.353932584269664,0.0,329.56,0.0,0.0,0.0
MP-90206,Adhesivos (dup),Adhesivos,kg,15129,PROV-25,13,100,500,0.0,0.0,0.0,0.0,0.0,0.0,39141962443.57715,100.00000000000004,80.22727272727272,C,24.979591836734695,0.0,3328.38,0.0,0.0,0.0
MP-0152,Tubería calibre/ref 6,Tubería,m,10764,PROV-09,25,100,500,0.0,0.0,33.0,0.0,0.0,0.0,39141962443.57715,100.00000000000004,80.45454545454545,C,20.353932584269664,0.0,2368.08,0.0,0.0,0.0
MP-0154,Adhesivos calibre/ref 5,Adhesivos,kg,14258,PROV-09,16,100,500,0.0,0.0,0.0,0.0,0.0,0.0,39141962443.57715,100.00000000000004,80.68181818181817,C,24.979591836734695,0.0,3136.76,0.0,0.0,0.0
MP-0145,Tubería calibre/ref 22,Tubería,m,22774,PROV-30,7,100,500,0.0,0.0,0.0,0.0,0.0,0.0,39141962443.57715,100.00000000000004,80.9090909090909,C,20.353932584269664,0.0,5010.28,0.0,0.0,0.0
MP-0365,Empaque calibre/ref 30,Empaque,unidad,1744,PROV-15,6,100,500,0.0,0.0,0.0,0.0,0.0,0.0,39141962443.57715,100.00000000000004,81.13636363636364,C,22.625,0.0,383.68,0.0,0.0,0.0
MP-0052,Vidrio calibre/ref 30,Vidrio,m2,35381,PROV-14,11,100,500,0.0,0.0,0.0,0.0,0.0,0.0,39141962443.57715,100.00000000000004,81.36363636363636,C,20.402439024390244,0.0,7783.82,0.0,0.0,0.0
MP-0322,Empaque calibre/ref 22,Empaque,unidad,8687,PROV-03,10,100,500,0.0,0.0,0.0,0.0,0.0,0.0,39141962443.57715,100.00000000000004,81.5909090909091,C,22.625,0.0,1911.14,0.0,0.0,0.0
MP-0389,Adhesivos calibre/ref 16,Adhesivos,kg,2311,PROV-17,5,100,500,0.0,0.0,0.0,0.0,0.0,0.0,39141962443.57715,100.00000000000004,81.81818181818183,C,24.979591836734695,0.0,508.42,0.0,0.0,0.0
MP-0360,Tubería calibre/ref 25,Tubería,m,2148,PROV-20,6,100,500,0.0,0.0,0.0,0.0,0.0,0.0,39141962443.57715,100.00000000000004,82.04545454545455,C,20.353932584269664,0.0,472.56,0.0,0.0,0.0
MP-0337,Tornillería calibre/ref 1,Tornillería,unidad,3350,PROV-13,5,100,500,0.0,0.0,0.0,0.0,0.0,0.0,39141962443.57715,100.00000000000004,82.27272727272728,C,21.359223300970875,0.0,737.0,0.0,0.0,0.0
MP-0323,Adhesivos calibre/ref 14,Adhesivos,kg,1501,PROV-22,12,100,500,0.0,0.0,0.0,0.0,0.0,0.0,39141962443.57715,100.00000000000004,82.5,C,24.979591836734695,0.0,330.22,0.0,0.0,0.0
MP-0156,Lámina calibre/ref 37,Lámina,lámina,13196,PROV-35,6,100,500,0.0,0.0,0.0,0.0,0.0,0.0,39141962443.57715,100.00000000000004,82.72727272727273,C,20.77570093457944,0.0,2903.12,0.0,0.0,0.0
MP-0098,Empaque calibre/ref 2,Empaque,unidad,16242,PROV-18,5,100,500,0.0,0.0,0.0,0.0,0.0,0.0,39141962443.57715,100.00000000000004,82.95454545454545,C,22.625,0.0,3573.2400000000002,0.0,0.0,0.0
MP-0379,Lámina calibre/ref 14,Lámina,lámina,12817,PROV-32,8,100,500,0.0,0.0,0.0,0.0,0.0,0.0,39141962443.57715,100.00000000000004,83.18181818181817,C,20.77570093457944,0.0,2819.7400000000002,0.0,0.0,0.0
MP-0226,Adhesivos calibre/ref 13,Adhesivos,kg,7832,PROV-27,16,100,500,0.0,0.0,0.0,0.0,0.0,0.0,39141962443.57715,100.00000000000004,83.4090909090909,C,24.979591836734695,0.0,1723.04,0.0,0.0,0.0
MP-0200,Lámina calibre/ref 30,Lámina,lámina,13801,PROV-11,12,100,500,0.0,0.0,0.0,0.0,0.0,0.0,39141962443.57715,100.00000000000004,83.63636363636363,C,20.77570093457944,0.0,3036.22,0.0,0.0,0.0
MP-0144,Adhesivos calibre/ref 17,Adhesivos,kg,49362,PROV-02,10,100,500,0.0,0.0,0.0,0.0,0.0,0.0,39141962443.57715,100.00000000000004,83.86363636363636,C,24.979591836734695,0.0,10859.64,0.0,0.0,0.0
MP-0207,Tubería calibre/ref 11,Tubería,m,1443,PROV-07,5,100,500,0.0,0.0,0.0,0.0,0.0,0.0,39141962443.57715,100.00000000000004,84.0909090909091,C,20.353932584269664,0.0,317.46,0.0,0.0,0.0
MP-0285,Pintura calibre/ref 15,Pintura,kg,11740,PROV-08,17,100,500,0.0,0.0,0.0,0.0,0.0,0.0,39141962443.57715,100.00000000000004,84.31818181818181,C,21.453333333333333,0.0,2582.8,0.0,0.0,0.0
MP-0123,Tubería calibre/ref 14,Tubería,m,29806,PROV-26,23,100,500,0.0,0.0,0.0,0.0,0.0,0.0,39141962443.57715,100.00000000000004,84.54545454545455,C,20.353932584269664,0.0,6557.32,0.0,0.0,0.0
MP-0241,Adhesivos calibre/ref 30,Adhesivos,kg,6469,PROV-10,12,100,500,0.0,0.0,0.0,0.0,0.0,0.0,39141962443.57715,100.00000000000004,84.77272727272728,C,24.979591836734695,0.0,1423.18,0.0,0.0,0.0
MP-0066,Pintura calibre/ref 18,Pintura,kg,21206,PROV-27,12,100,500,0.0,0.0,0.0,0.0,0.0,0.0,39141962443.57715,100.00000000000004,85.0,C,21.453333333333333,0.0,4665.32,0.0,0.0,0.0
MP-0349,Empaque calibre/ref 23,Empaque,unidad,3496,PROV-27,12,100,500,0.0,0.0,0.0,0.0,0.0,0.0,39141962443.57715,100.00000000000004,85.22727272727273,C,22.625,0.0,769.12,0.0,0.0,0.0
MP-0284,Pintura calibre/ref 19,Pintura,kg,4906,PROV-06,9,100,500,0.0,0.0,0.0,0.0,0.0,0.0,39141962443.57715,100.00000000000004,85.45454545454545,C,21.453333333333333,0.0,1079.32,0.0,0.0,0.0
MP-0151,Lámina calibre/ref 34,Lámina,lámina,14596,PROV-12,12,100,500,0.0,0.0,0.0,0.0,0.0,0.0,39141962443.57715,100.00000000000004,85.68181818181819,C,20.77570093457944,0.0,3211.12,0.0,0.0,0.0
MP-0270,Tornillería calibre/ref 8,Tornillería,unidad,5780,PROV-15,8,100,500,0.0,0.0,0.0,0.0,0.0,0.0,39141962443.57715,100.00000000000004,85.9090909090909,C,21.359223300970875,0.0,1271.6,0.0,0.0,0.0
MP-0055,Tornillería calibre/ref 27,Tornillería,unidad,43990,PROV-02,13,100,500,0.0,0.0,0.0,0.0,0.0,0.0,39141962443.57715,100.00000000000004,86.13636363636363,C,21.359223300970875,0.0,9677.8,0.0,0.0,0.0
MP-0247,Pintura calibre/ref 15,Pintura,kg,3903,PROV-27,32,100,500,0.0,0.0,0.0,0.0,0.0,0.0,39141962443.57715,100.00000000000004,86.36363636363636,C,21.453333333333333,0.0,858.66,0.0,0.0,0.0
MP-0056,Adhesivos calibre/ref 8,Adhesivos,kg,18750,PROV-35,7,100,500,0.0,0.0,0.0,0.0,0.0,0.0,39141962443.57715,100.00000000000004,86.5909090909091,C,24.979591836734695,0.0,4125.0,0.0,0.0,0.0
MP-0003,Tornillería calibre/ref 31,Tornillería,unidad,178655,PROV-01,14,100,500,0.0,0.0,0.0,0.0,0.0,0.0,39141962443.57715,100.00000000000004,86.81818181818181,C,21.359223300970875,0.0,39304.1,0.0,0.0,0.0
MP-0214,Tubería calibre/ref 5,Tubería,m,5690,PROV-02,7,100,500,0.0,0.0,0.0,0.0,0.0,0.0,39141962443.57715,100.00000000000004,87.04545454545455,C,20.353932584269664,0.0,1251.8,0.0,0.0,0.0
MP-0334,Tornillería calibre/ref 3,Tornillería,unidad,9561,PROV-06,11,100,500,0.0,0.0,0.0,0.0,0.0,0.0,39141962443.57715,100.00000000000004,87.27272727272727,C,21.359223300970875,0.0,2103.42,0.0,0.0,0.0
MP-0404,Correderas calibre/ref 5,Correderas,par,5831,PROV-06,10,100,500,0.0,0.0,0.0,0.0,0.0,0.0,39141962443.57715,100.00000000000004,87.5,C,23.56053811659193,0.0,1282.82,0.0,0.0,0.0
MP-0342,Adhesivos calibre/ref 8,Adhesivos,kg,973,PROV-18,9,100,500,0.0,0.0,0.0,0.0,0.0,0.0,39141962443.57715,100.00000000000004,87.72727272727273,C,24.979591836734695,0.0,214.06,0.0,0.0,0.0
MP-0213,Vidrio calibre/ref 15,Vidrio,m2,13735,PROV-34,16,100,500,0.0,0.0,0.0,0.0,0.0,0.0,39141962443.57715,100.00000000000004,87.95454545454545,C,20.402439024390244,0.0,3021.7,0.0,0.0,0.0
MP-0228,Adhesivos calibre/ref 29,Adhesivos,kg,3210,PROV-05,8,100,500,0.0,0.0,0.0,0.0,0.0,0.0,39141962443.57715,100.00000000000004,88.18181818181819,C,24.979591836734695,0.0,706.2,0.0,0.0,0.0
MP-0384,Correderas calibre/ref 33,Correderas,par,14848,PROV-05,14,100,500,0.0,0.0,0.0,0.0,0.0,0.0,39141962443.57715,100.00000000000004,88.4090909090909,C,23.56053811659193,0.0,3266.56,0.0,0.0,0.0
MP-0029,Empaque calibre/ref 36,Empaque,unidad,310652,PROV-04,14,100,500,0.0,0.0,0.0,0.0,0.0,0.0,39141962443.57715,100.00000000000004,88.63636363636364,C,22.625,0.0,68343.44,0.0,0.0,0.0
MP-0378,Tubería calibre/ref 25,Tubería,m,6961,PROV-15,8,100,500,0.0,0.0,0.0,0.0,0.0,0.0,39141962443.57715,100.00000000000004,88.86363636363637,C,20.353932584269664,0.0,1531.42,0.0,0.0,0.0
MP-0381,Correderas calibre/ref 25,Correderas,par,3956,PROV-27,10,100,500,0.0,0.0,0.0,0.0,0.0,0.0,39141962443.57715,100.00000000000004,89.0909090909091,C,23.56053811659193,0.0,870.32,0.0,0.0,0.0
MP-0336,Tornillería calibre/ref 24,Tornillería,unidad,10058,PROV-09,10,100,500,0.0,0.0,0.0,0.0,0.0,0.0,39141962443.57715,100.00000000000004,89.31818181818181,C,21.359223300970875,0.0,2212.76,0.0,0.0,0.0
MP-0090,Correderas calibre/ref 35,Correderas,par,48252,PROV-02,22,100,500,0.0,0.0,0.0,0.0,0.0,0.0,39141962443.57715,100.00000000000004,89.54545454545455,C,23.56053811659193,0.0,10615.44,0.0,0.0,0.0
MP-0231,Vidrio calibre/ref 19,Vidrio,m2,13541,PROV-08,14,100,500,0.0,0.0,0.0,0.0,0.0,0.0,39141962443.57715,100.00000000000004,89.77272727272727,C,20.402439024390244,0.0,2979.02,0.0,0.0,0.0
MP-0412,Tornillería calibre/ref 3,Tornillería,unidad,1187,PROV-28,10,100,500,0.0,0.0,0.0,0.0,0.0,0.0,39141962443.57715,100.00000000000004,90.0,C,21.359223300970875,0.0,261.14,0.0,0.0,0.0
MP-0399,Correderas calibre/ref 26,Correderas,par,5285,PROV-15,14,100,500,0.0,0.0,0.0,0.0,0.0,0.0,39141962443.57715,100.00000000000004,90.22727272727272,C,23.56053811659193,0.0,1162.7,0.0,0.0,0.0
MP-0347,Correderas calibre/ref 37,Correderas,par,7263,PROV-02,7,100,500,0.0,0.0,0.0,0.0,0.0,0.0,39141962443.57715,100.00000000000004,90.45454545454545,C,23.56053811659193,0.0,1597.86,0.0,0.0,0.0
MP-0049,Tubería calibre/ref 22,Tubería,m,27515,PROV-05,13,100,500,0.0,0.0,0.0,0.0,0.0,0.0,39141962443.57715,100.00000000000004,90.68181818181819,C,20.353932584269664,0.0,6053.3,0.0,0.0,0.0
MP-0260,Tornillería calibre/ref 38,Tornillería,unidad,3134,PROV-13,17,100,500,0.0,0.0,0.0,0.0,0.0,0.0,39141962443.57715,100.00000000000004,90.9090909090909,C,21.359223300970875,0.0,689.48,0.0,0.0,0.0
MP-0335,Correderas calibre/ref 16,Correderas,par,6995,PROV-05,8,100,500,0.0,0.0,0.0,0.0,0.0,0.0,39141962443.57715,100.00000000000004,91.13636363636364,C,23.56053811659193,0.0,1538.9,0.0,0.0,0.0
MP-0058,Empaque calibre/ref 13,Empaque,unidad,64400,PROV-25,6,100,500,0.0,0.0,0.0,0.0,0.0,0.0,39141962443.57715,100.00000000000004,91.36363636363637,C,22.625,0.0,14168.0,0.0,0.0,0.0
MP-0159,Pintura calibre/ref 5,Pintura,kg,4449,PROV-21,12,100,500,0.0,0.0,0.0,0.0,0.0,0.0,39141962443.57715,100.00000000000004,91.5909090909091,C,21.453333333333333,0.0,978.78,0.0,0.0,0.0
MP-0163,Tornillería calibre/ref 21,Tornillería,unidad,6781,PROV-11,12,100,500,0.0,0.0,0.0,0.0,0.0,0.0,39141962443.57715,100.00000000000004,91.81818181818183,C,21.359223300970875,0.0,1491.82,0.0,0.0,0.0
MP-0221,Tornillería calibre/ref 9,Tornillería,unidad,3107,PROV-14,15,100,500,0.0,0.0,0.0,0.0,0.0,0.0,39141962443.57715,100.00000000000004,92.04545454545455,C,21.359223300970875,0.0,683.54,0.0,0.0,0.0
MP-0175,Vidrio calibre/ref 36,Vidrio,m2,7539,PROV-12,18,100,500,0.0,0.0,0.0,0.0,0.0,0.0,39141962443.57715,100.00000000000004,92.27272727272727,C,20.402439024390244,0.0,1658.58,0.0,0.0,0.0
MP-0212,Adhesivos calibre/ref 28,Adhesivos,kg,14895,PROV-35,10,100,500,0.0,0.0,0.0,0.0,0.0,0.0,39141962443.57715,100.00000000000004,92.5,C,24.979591836734695,0.0,3276.9,0.0,0.0,0.0
MP-0402,Tubería calibre/ref 14,Tubería,m,7198,PROV-04,7,100,500,0.0,0.0,0.0,0.0,0.0,0.0,39141962443.57715,100.00000000000004,92.72727272727272,C,20.353932584269664,0.0,1583.56,0.0,0.0,0.0
MP-0303,Vidrio calibre/ref 6,Vidrio,m2,8849,PROV-25,10,100,500,0.0,0.0,0.0,0.0,0.0,0.0,39141962443.57715,100.00000000000004,92.95454545454545,C,20.402439024390244,0.0,1946.78,0.0,0.0,0.0
MP-0250,Correderas calibre/ref 9,Correderas,par,12978,PROV-02,15,100,500,0.0,0.0,0.0,0.0,0.0,0.0,39141962443.57715,100.00000000000004,93.18181818181817,C,23.56053811659193,0.0,2855.16,0.0,0.0,0.0
MP-0127,Pintura calibre/ref 17,Pintura,kg,17887,PROV-19,14,100,500,0.0,0.0,0.0,0.0,0.0,0.0,39141962443.57715,100.00000000000004,93.4090909090909,C,21.453333333333333,0.0,3935.14,0.0,0.0,0.0
MP-90337,Tornillería (dup),Tornillería,unidad,3467,PROV-13,5,100,500,0.0,0.0,0.0,0.0,0.0,0.0,39141962443.57715,100.00000000000004,93.63636363636364,C,21.359223300970875,0.0,762.74,0.0,0.0,0.0
MP-0333,Tornillería calibre/ref 2,Tornillería,unidad,13687,PROV-21,7,100,500,0.0,0.0,0.0,0.0,0.0,0.0,39141962443.57715,100.00000000000004,93.86363636363636,C,21.359223300970875,0.0,3011.14,0.0,0.0,0.0
MP-0146,Lámina calibre/ref 23,Lámina,lámina,31220,PROV-33,6,100,500,0.0,0.0,0.0,0.0,0.0,0.0,39141962443.57715,100.00000000000004,94.0909090909091,C,20.77570093457944,0.0,6868.4,0.0,0.0,0.0
MP-0376,Tornillería calibre/ref 37,Tornillería,unidad,4456,PROV-32,15,100,500,0.0,0.0,0.0,0.0,0.0,0.0,39141962443.57715,100.00000000000004,94.31818181818183,C,21.359223300970875,0.0,980.32,0.0,0.0,0.0
MP-0354,Tornillería calibre/ref 38,Tornillería,unidad,11160,PROV-15,5,100,500,0.0,0.0,0.0,0.0,0.0,0.0,39141962443.57715,100.00000000000004,94.54545454545455,C,21.359223300970875,0.0,2455.2,0.0,0.0,0.0
MP-0362,Tubería calibre/ref 26,Tubería,m,10899,PROV-07,8,100,500,0.0,0.0,0.0,0.0,0.0,0.0,39141962443.57715,100.00000000000004,94.77272727272728,C,20.353932584269664,0.0,2397.78,0.0,0.0,0.0
MP-0185,Tornillería calibre/ref 6,Tornillería,unidad,12045,PROV-23,15,100,500,0.0,0.0,0.0,0.0,0.0,0.0,39141962443.57715,100.00000000000004,95.0,C,21.359223300970875,0.0,2649.9,0.0,0.0,0.0
MP-90289,Adhesivos (dup),Adhesivos,kg,11160,PROV-30,13,100,500,0.0,0.0,0.0,0.0,0.0,0.0,39141962443.57715,100.00000000000004,95.22727272727273,C,24.979591836734695,0.0,2455.2,0.0,0.0,0.0
MP-0208,Adhesivos calibre/ref 8,Adhesivos,kg,8505,PROV-11,14,100,500,0.0,0.0,0.0,0.0,0.0,0.0,39141962443.57715,100.00000000000004,95.45454545454545,C,24.979591836734695,0.0,1871.1,0.0,0.0,0.0
MP-0292,Tornillería calibre/ref 5,Tornillería,unidad,12482,PROV-31,24,100,500,0.0,0.0,0.0,0.0,0.0,0.0,39141962443.57715,100.00000000000004,95.68181818181817,C,21.359223300970875,0.0,2746.04,0.0,0.0,0.0
MP-0366,Pintura calibre/ref 22,Pintura,kg,8061,PROV-19,12,100,500,0.0,0.0,0.0,0.0,0.0,0.0,39141962443.57715,100.00000000000004,95.9090909090909,C,21.453333333333333,0.0,1773.42,0.0,0.0,0.0
MP-0367,Tornillería calibre/ref 14,Tornillería,unidad,13259,PROV-23,7,100,500,0.0,0.0,0.0,0.0,0.0,0.0,39141962443.57715,100.00000000000004,96.13636363636363,C,21.359223300970875,0.0,2916.98,0.0,0.0,0.0
MP-0375,Adhesivos calibre/ref 31,Adhesivos,kg,2599,PROV-02,9,100,500,0.0,0.0,0.0,0.0,0.0,0.0,39141962443.57715,100.00000000000004,96.36363636363636,C,24.979591836734695,0.0,571.78,0.0,0.0,0.0
MP-0119,Tubería calibre/ref 23,Tubería,m,55990,PROV-19,10,100,500,0.0,0.0,0.0,0.0,0.0,0.0,39141962443.57715,100.00000000000004,96.5909090909091,C,20.353932584269664,0.0,12317.8,0.0,0.0,0.0
MP-0183,Tubería calibre/ref 20,Tubería,m,12482,PROV-20,15,100,500,0.0,0.0,0.0,0.0,0.0,0.0,39141962443.57715,100.00000000000004,96.81818181818181,C,20.353932584269664,0.0,2746.04,0.0,0.0,0.0
MP-0352,Tubería calibre/ref 27,Tubería,m,1179,PROV-11,9,100,500,0.0,0.0,0.0,0.0,0.0,0.0,39141962443.57715,100.00000000000004,97.04545454545455,C,20.353932584269664,0.0,259.38,0.0,0.0,0.0
MP-0416,Adhesivos calibre/ref 8,Adhesivos,kg,13658,PROV-31,13,100,500,0.0,0.0,0.0,0.0,0.0,0.0,39141962443.57715,100.00000000000004,97.27272727272728,C,24.979591836734695,0.0,3004.76,0.0,0.0,0.0
MP-0324,Lámina calibre/ref 24,Lámina,lámina,14311,PROV-08,18,100,500,0.0,0.0,0.0,0.0,0.0,0.0,39141962443.57715,100.00000000000004,97.5,C,20.77570093457944,0.0,3148.42,0.0,0.0,0.0
MP-0187,Adhesivos calibre/ref 6,Adhesivos,kg,11831,PROV-21,10,100,500,0.0,0.0,0.0,0.0,0.0,0.0,39141962443.57715,100.00000000000004,97.72727272727273,C,24.979591836734695,0.0,2602.82,0.0,0.0,0.0
MP-0278,Empaque calibre/ref 8,Empaque,unidad,631,PROV-16,14,100,500,0.0,0.0,0.0,0.0,0.0,0.0,39141962443.57715,100.00000000000004,97.95454545454545,C,22.625,0.0,138.82,0.0,0.0,0.0
MP-0353,Correderas calibre/ref 25,Correderas,par,10667,PROV-10,15,100,500,0.0,0.0,0.0,0.0,0.0,0.0,39141962443.57715,100.00000000000004,98.18181818181819,C,23.56053811659193,0.0,2346.7400000000002,0.0,0.0,0.0
MP-0195,Pintura calibre/ref 34,Pintura,kg,6770,PROV-21,17,100,500,0.0,0.0,0.0,0.0,0.0,0.0,39141962443.57715,100.00000000000004,98.4090909090909,C,21.453333333333333,0.0,1489.4,0.0,0.0,0.0
MP-0110,Correderas calibre/ref 37,Correderas,par,70066,PROV-26,8,100,500,0.0,0.0,0.0,0.0,0.0,0.0,39141962443.57715,100.00000000000004,98.63636363636363,C,23.56053811659193,0.0,15414.52,0.0,0.0,0.0
MP-0203,Adhesivos calibre/ref 22,Adhesivos,kg,13450,PROV-19,17,100,500,0.0,0.0,0.0,0.0,0.0,0.0,39141962443.57715,100.00000000000004,98.86363636363636,C,24.979591836734695,0.0,2959.0,0.0,0.0,0.0
MP-0387,Tubería calibre/ref 15,Tubería,m,10078,PROV-22,6,100,500,0.0,0.0,0.0,0.0,0.0,0.0,39141962443.57715,100.00000000000004,99.0909090909091,C,20.353932584269664,0.0,2217.16,0.0,0.0,0.0
MP-0410,Tubería calibre/ref 5,Tubería,m,4345,PROV-21,13,100,500,0.0,0.0,0.0,0.0,0.0,0.0,39141962443.57715,100.00000000000004,99.31818181818181,C,20.353932584269664,0.0,955.9,0.0,0.0,0.0
MP-0109,Correderas calibre/ref 18,Correderas,par,60010,PROV-19,11,100,500,0.0,0.0,0.0,0.0,0.0,0.0,39141962443.57715,100.00000000000004,99.54545454545455,C,23.56053811659193,0.0,13202.2,0.0,0.0,0.0
MP-0264,Tornillería calibre/ref 10,Tornillería,unidad,13222,PROV-35,6,100,500,0.0,0.0,0.0,0.0,0.0,0.0,39141962443.57715,100.00000000000004,99.77272727272727,C,21.359223300970875,0.0,2908.84,0.0,0.0,0.0
MP-0219,Correderas calibre/ref 28,Correderas,par,7896,PROV-25,10,100,500,0.0,0.0,0.0,0.0,0.0,0.0,39141962443.57715,100.00000000000004,100.0,C,23.56053811659193,0.0,1737.1200000000001,0.0,0.0,0.0
