sku,descripcion,categoria,costo_unitario,lead_time_declarado_dias,consumo_dependiente_plan,demanda_anual_d,consumo_diario_d,sigma_diario,lead_time_real_dias,C_c,SS_95,ROP,EOQ
MP-0311,Empaque calibre/ref 20,Empaque,4693,8,0.0,0.0,0.0,0.0,22.625,1032.46,0.0,0.0,0.0
MP-0219,Correderas calibre/ref 28,Correderas,7896,10,0.0,0.0,0.0,0.0,23.56053811659193,1737.1200000000001,0.0,0.0,0.0
MP-0338,Empaque calibre/ref 33,Empaque,4061,15,0.0,0.0,0.0,0.0,22.625,893.42,0.0,0.0,0.0
MP-0167,Correderas calibre/ref 34,Correderas,13015,16,0.0,0.0,0.0,0.0,23.56053811659193,2863.3,0.0,0.0,0.0
MP-0125,Tubería calibre/ref 6,Tubería,76778,6,0.0,0.0,0.0,0.0,20.353932584269664,16891.16,0.0,0.0,0.0
MP-0276,Correderas calibre/ref 16,Correderas,1815,7,0.0,0.0,0.0,0.0,23.56053811659193,399.3,0.0,0.0,0.0
MP-0280,Vidrio calibre/ref 36,Vidrio,2504,5,0.0,0.0,0.0,0.0,20.402439024390244,550.88,0.0,0.0,0.0
MP-0145,Tubería calibre/ref 22,Tubería,22774,7,0.0,0.0,0.0,0.0,20.353932584269664,5010.28,0.0,0.0,0.0
MP-0142,Lámina calibre/ref 21,Lámina,34292,14,9768.37,5581.925714285714,15.292947162426614,34.74995154181845,20.77570093457944,7544.24,261.0,579.0,471.0
MP-0206,Adhesivos calibre/ref 17,Adhesivos,13367,32,0.0,0.0,0.0,0.0,24.979591836734695,2940.7400000000002,0.0,0.0,0.0
MP-0294,Lámina calibre/ref 23,Lámina,3954,7,0.0,0.0,0.0,0.0,20.77570093457944,869.88,0.0,0.0,0.0
MP-0188,Vidrio calibre/ref 28,Vidrio,1200,6,0.0,0.0,0.0,0.0,20.402439024390244,264.0,0.0,0.0,0.0
MP-0195,Pintura calibre/ref 34,Pintura,6770,17,0.0,0.0,0.0,0.0,21.453333333333333,1489.4,0.0,0.0,0.0
MP-0324,Lámina calibre/ref 24,Lámina,14311,18,0.0,0.0,0.0,0.0,20.77570093457944,3148.42,0.0,0.0,0.0
MP-0402,Tubería calibre/ref 14,Tubería,7198,7,0.0,0.0,0.0,0.0,20.353932584269664,1583.56,0.0,0.0,0.0
MP-0268,Vidrio calibre/ref 22,Vidrio,12459,13,3194.76,1825.577142857143,5.001581213307241,13.441347307043719,20.402439024390244,2740.98,100.0,202.0,447.0
MP-0065,Adhesivos calibre/ref 1,Adhesivos,35988,11,0.0,0.0,0.0,0.0,24.979591836734695,7917.36,0.0,0.0,0.0
MP-0367,Tornillería calibre/ref 14,Tornillería,13259,7,0.0,0.0,0.0,0.0,21.359223300970875,2916.98,0.0,0.0,0.0
MP-0366,Pintura calibre/ref 22,Pintura,8061,12,0.0,0.0,0.0,0.0,21.453333333333333,1773.42,0.0,0.0,0.0
MP-0292,Tornillería calibre/ref 5,Tornillería,12482,24,0.0,0.0,0.0,0.0,21.359223300970875,2746.04,0.0,0.0,0.0
MP-0012,Tubería calibre/ref 22,Tubería,260365,14,9721.779999999999,5555.302857142856,15.220007827788645,34.5842125042581,20.353932584269664,57280.3,257.0,567.0,171.0
MP-0208,Adhesivos calibre/ref 8,Adhesivos,8505,14,0.0,0.0,0.0,0.0,24.979591836734695,1871.1,0.0,0.0,0.0
MP-90289,Adhesivos (dup),Adhesivos,11160,13,0.0,0.0,0.0,0.0,24.979591836734695,2455.2,0.0,0.0,0.0
MP-0185,Tornillería calibre/ref 6,Tornillería,12045,15,0.0,0.0,0.0,0.0,21.359223300970875,2649.9,0.0,0.0,0.0
MP-0132,Lámina calibre/ref 4,Lámina,32995,25,12299.6,7028.342857142857,19.25573385518591,41.105101741831874,20.77570093457944,7258.9,308.0,708.0,539.0
MP-0337,Tornillería calibre/ref 1,Tornillería,3350,5,0.0,0.0,0.0,0.0,21.359223300970875,737.0,0.0,0.0,0.0
MP-0360,Tubería calibre/ref 25,Tubería,2148,6,0.0,0.0,0.0,0.0,20.353932584269664,472.56,0.0,0.0,0.0
MP-0389,Adhesivos calibre/ref 16,Adhesivos,2311,5,0.0,0.0,0.0,0.0,24.979591836734695,508.42,0.0,0.0,0.0
MP-0322,Empaque calibre/ref 22,Empaque,8687,10,0.0,0.0,0.0,0.0,22.625,1911.14,0.0,0.0,0.0
MP-0193,Correderas calibre/ref 15,Correderas,2415,10,6895.320000000001,3940.1828571428573,10.795021526418788,24.52937755893067,23.56053811659193,531.3,196.0,450.0,1492.0
MP-0365,Empaque calibre/ref 30,Empaque,1744,6,0.0,0.0,0.0,0.0,22.625,383.68,0.0,0.0,0.0
MP-0109,Correderas calibre/ref 18,Correderas,60010,11,0.0,0.0,0.0,0.0,23.56053811659193,13202.2,0.0,0.0,0.0
MP-0410,Tubería calibre/ref 5,Tubería,4345,13,0.0,0.0,0.0,0.0,20.353932584269664,955.9,0.0,0.0,0.0
MP-0387,Tubería calibre/ref 15,Tubería,10078,6,0.0,0.0,0.0,0.0,20.353932584269664,2217.16,0.0,0.0,0.0
MP-0203,Adhesivos calibre/ref 22,Adhesivos,13450,17,0.0,0.0,0.0,0.0,24.979591836734695,2959.0,0.0,0.0,0.0
MP-0110,Correderas calibre/ref 37,Correderas,70066,8,0.0,0.0,0.0,0.0,23.56053811659193,15414.52,0.0,0.0,0.0
MP-0340,Vidrio calibre/ref 34,Vidrio,2769,17,4866.28,2780.7314285714283,7.618442270058708,20.47395096136195,20.402439024390244,609.18,152.0,307.0,1170.0
MP-0353,Correderas calibre/ref 25,Correderas,10667,15,0.0,0.0,0.0,0.0,23.56053811659193,2346.7400000000002,0.0,0.0,0.0
MP-0278,Empaque calibre/ref 8,Empaque,631,14,0.0,0.0,0.0,0.0,22.625,138.82,0.0,0.0,0.0
MP-0187,Adhesivos calibre/ref 6,Adhesivos,11831,10,0.0,0.0,0.0,0.0,24.979591836734695,2602.82,0.0,0.0,0.0
MP-0308,Tubería calibre/ref 29,Tubería,8450,6,0.0,0.0,0.0,0.0,20.353932584269664,1859.0,0.0,0.0,0.0
MP-0097,Vidrio calibre/ref 31,Vidrio,56581,10,0.0,0.0,0.0,0.0,20.402439024390244,12447.82,0.0,0.0,0.0
MP-0181,Pintura calibre/ref 37,Pintura,3549,9,9271.4,5297.942857142857,14.51491193737769,35.199789202110516,21.453333333333333,780.78,268.0,579.0,1427.0
MP-0281,Lámina calibre/ref 27,Lámina,7868,11,0.0,0.0,0.0,0.0,20.77570093457944,1730.96,0.0,0.0,0.0
MP-0243,Vidrio calibre/ref 37,Vidrio,7117,8,0.0,0.0,0.0,0.0,20.402439024390244,1565.74,0.0,0.0,0.0
MP-0328,Empaque calibre/ref 17,Empaque,11117,11,0.0,0.0,0.0,0.0,22.625,2445.7400000000002,0.0,0.0,0.0
MP-0306,Lámina calibre/ref 22,Lámina,6945,29,0.0,0.0,0.0,0.0,20.77570093457944,1527.9,0.0,0.0,0.0
MP-0207,Tubería calibre/ref 11,Tubería,1443,5,0.0,0.0,0.0,0.0,20.353932584269664,317.46,0.0,0.0,0.0
MP-0144,Adhesivos calibre/ref 17,Adhesivos,49362,10,0.0,0.0,0.0,0.0,24.979591836734695,10859.64,0.0,0.0,0.0
MP-0030,Correderas calibre/ref 5,Correderas,284982,16,2090.3199999999997,1194.4685714285713,3.2725166340508802,9.55613300285497,23.56053811659193,62696.04,76.0,153.0,76.0
MP-0200,Lámina calibre/ref 30,Lámina,13801,12,0.0,0.0,0.0,0.0,20.77570093457944,3036.22,0.0,0.0,0.0
MP-0226,Adhesivos calibre/ref 13,Adhesivos,7832,16,0.0,0.0,0.0,0.0,24.979591836734695,1723.04,0.0,0.0,0.0
MP-0379,Lámina calibre/ref 14,Lámina,12817,8,0.0,0.0,0.0,0.0,20.77570093457944,2819.7400000000002,0.0,0.0,0.0
MP-0098,Empaque calibre/ref 2,Empaque,16242,5,0.0,0.0,0.0,0.0,22.625,3573.2400000000002,0.0,0.0,0.0
MP-0156,Lámina calibre/ref 37,Lámina,13196,6,0.0,0.0,0.0,0.0,20.77570093457944,2903.12,0.0,0.0,0.0
MP-0157,Tornillería calibre/ref 30,Tornillería,2791,6,18429.64,10531.222857142857,28.852665362035225,47.97180109751647,21.359223300970875,614.02,365.0,981.0,2268.0
MP-0080,Adhesivos calibre/ref 18,Adhesivos,39838,10,5556.72,3175.2685714285712,8.699365949119374,19.07943671924854,24.979591836734695,8764.36,157.0,374.0,330.0
MP-0238,Pintura calibre/ref 4,Pintura,12403,10,7604.959999999999,4345.691428571427,11.906003913894322,23.268688158873942,21.453333333333333,2728.66,177.0,432.0,691.0
MP-0164,Vidrio calibre/ref 14,Vidrio,1846,9,0.0,0.0,0.0,0.0,20.402439024390244,406.12,0.0,0.0,0.0
MP-0053,Tubería calibre/ref 22,Tubería,21843,12,0.0,0.0,0.0,0.0,20.353932584269664,4805.46,0.0,0.0,0.0
MP-0368,Pintura calibre/ref 4,Pintura,9888,22,0.0,0.0,0.0,0.0,21.453333333333333,2175.36,0.0,0.0,0.0
MP-0210,Empaque calibre/ref 29,Empaque,7603,6,0.0,0.0,0.0,0.0,22.625,1672.66,0.0,0.0,0.0
MP-0171,Tornillería calibre/ref 28,Tornillería,3672,12,0.0,0.0,0.0,0.0,21.359223300970875,807.84,0.0,0.0,0.0
MP-0176,Tubería calibre/ref 37,Tubería,579,5,0.0,0.0,0.0,0.0,20.353932584269664,127.38,0.0,0.0,0.0
MP-0325,Tubería calibre/ref 8,Tubería,431,14,7656.289999999999,4375.022857142856,11.986363992172208,27.23644850574959,20.353932584269664,94.82000000000001,202.0,446.0,3720.0
MP-0257,Adhesivos calibre/ref 13,Adhesivos,3868,16,0.0,0.0,0.0,0.0,24.979591836734695,850.96,0.0,0.0,0.0
MP-0332,Vidrio calibre/ref 35,Vidrio,6819,16,0.0,0.0,0.0,0.0,20.402439024390244,1500.18,0.0,0.0,0.0
MP-0027,Pintura calibre/ref 17,Pintura,179174,16,1579.2000000000003,902.4000000000001,2.472328767123288,5.374166353956677,21.453333333333333,39418.28,41.0,94.0,83.0
MP-0393,Empaque calibre/ref 3,Empaque,9553,9,2791.02,1594.8685714285714,4.369502935420743,8.424813738226474,22.625,2101.66,66.0,165.0,477.0
MP-0135,Tubería calibre/ref 34,Tubería,25279,5,0.0,0.0,0.0,0.0,20.353932584269664,5561.38,0.0,0.0,0.0
MP-0417,Correderas calibre/ref 3,Correderas,13045,11,0.0,0.0,0.0,0.0,23.56053811659193,2869.9,0.0,0.0,0.0
MP-0094,Lámina calibre/ref 36,Lámina,40900,12,7409.139999999999,4233.794285714285,11.59943639921722,30.467768447307233,20.77570093457944,8998.0,228.0,469.0,376.0
MP-0348,Correderas calibre/ref 6,Correderas,9374,5,0.0,0.0,0.0,0.0,23.56053811659193,2062.28,0.0,0.0,0.0
MP-0170,Tornillería calibre/ref 22,Tornillería,4382,17,0.0,0.0,0.0,0.0,21.359223300970875,964.04,0.0,0.0,0.0
MP-0103,Pintura calibre/ref 2,Pintura,50643,8,0.0,0.0,0.0,0.0,21.453333333333333,11141.460000000001,0.0,0.0,0.0
MP-0192,Tornillería calibre/ref 24,Tornillería,10044,10,0.0,0.0,0.0,0.0,21.359223300970875,2209.68,0.0,0.0,0.0
MP-0380,Tornillería calibre/ref 4,Tornillería,13527,10,0.0,0.0,0.0,0.0,21.359223300970875,2975.94,0.0,0.0,0.0
MP-0197,Tornillería calibre/ref 25,Tornillería,3935,7,10298.95,5885.114285714286,16.123600782778865,47.039586947152614,21.359223300970875,865.7,358.0,702.0,1428.0
MP-0134,Correderas calibre/ref 36,Correderas,64521,12,0.0,0.0,0.0,0.0,23.56053811659193,14194.62,0.0,0.0,0.0
MP-0198,Pintura calibre/ref 7,Pintura,13940,17,0.0,0.0,0.0,0.0,21.453333333333333,3066.8,0.0,0.0,0.0
MP-0077,Tubería calibre/ref 26,Tubería,66191,17,12022.5,6870.0,18.82191780821918,44.337484141525216,20.353932584269664,14562.02,329.0,712.0,376.0
MP-0112,Adhesivos calibre/ref 5,Adhesivos,23398,11,0.0,0.0,0.0,0.0,24.979591836734695,5147.56,0.0,0.0,0.0
MP-0024,Vidrio calibre/ref 33,Vidrio,223650,20,19792.93,11310.245714285715,30.98697455968689,52.37553019453579,20.402439024390244,49203.0,389.0,1021.0,263.0
MP-0296,Adhesivos calibre/ref 1,Adhesivos,10190,10,0.0,0.0,0.0,0.0,24.979591836734695,2241.8,0.0,0.0,0.0
MP-0010,Pintura calibre/ref 33,Pintura,244981,20,11502.0,6572.571428571428,18.007045009784736,49.921324239819015,21.453333333333333,53895.82,380.0,766.0,191.0
MP-0414,Empaque calibre/ref 10,Empaque,2703,12,0.0,0.0,0.0,0.0,22.625,594.66,0.0,0.0,0.0
MP-0265,Tornillería calibre/ref 19,Tornillería,8263,7,0.0,0.0,0.0,0.0,21.359223300970875,1817.86,0.0,0.0,0.0
MP-0327,Tubería calibre/ref 23,Tubería,8037,14,0.0,0.0,0.0,0.0,20.353932584269664,1768.14,0.0,0.0,0.0
MP-0138,Tubería calibre/ref 10,Tubería,68215,19,0.0,0.0,0.0,0.0,20.353932584269664,15007.3,0.0,0.0,0.0
MP-0067,Pintura calibre/ref 15,Pintura,65561,11,0.0,0.0,0.0,0.0,21.453333333333333,14423.42,0.0,0.0,0.0
MP-0377,Empaque calibre/ref 37,Empaque,5853,12,0.0,0.0,0.0,0.0,22.625,1287.66,0.0,0.0,0.0
MP-0288,Lámina calibre/ref 6,Lámina,3660,19,0.0,0.0,0.0,0.0,20.77570093457944,805.2,0.0,0.0,0.0
MP-0364,Empaque calibre/ref 26,Empaque,7364,6,0.0,0.0,0.0,0.0,22.625,1620.08,0.0,0.0,0.0
MP-0121,Adhesivos calibre/ref 28,Adhesivos,50877,9,0.0,0.0,0.0,0.0,24.979591836734695,11192.94,0.0,0.0,0.0
MP-0217,Adhesivos calibre/ref 34,Adhesivos,7822,14,6715.900000000001,3837.657142857143,10.51412915851272,21.529296811701705,24.979591836734695,1720.84,177.0,440.0,818.0
MP-0021,Correderas calibre/ref 31,Correderas,188399,13,0.0,0.0,0.0,0.0,23.56053811659193,41447.78,0.0,0.0,0.0
MP-0062,Correderas calibre/ref 33,Correderas,42841,13,0.0,0.0,0.0,0.0,23.56053811659193,9425.02,0.0,0.0,0.0
MP-0301,Pintura calibre/ref 12,Pintura,13471,16,0.0,0.0,0.0,0.0,21.453333333333333,2963.62,0.0,0.0,0.0
MP-0111,Adhesivos calibre/ref 34,Adhesivos,71165,9,10480.59,5988.908571428571,16.4079686888454,40.46489327623567,24.979591836734695,15656.3,333.0,743.0,339.0
MP-0215,Pintura calibre/ref 33,Pintura,8972,11,0.0,0.0,0.0,0.0,21.453333333333333,1973.84,0.0,0.0,0.0
MP-0330,Tornillería calibre/ref 30,Tornillería,8021,8,3183.6499999999996,1819.228571428571,4.984187866927592,11.325500899956726,21.359223300970875,1764.6200000000001,86.0,192.0,556.0
MP-0008,Correderas calibre/ref 39,Correderas,310890,20,16768.66,9582.091428571428,26.252305283757337,38.02988256579626,23.56053811659193,68395.8,304.0,923.0,205.0
MP-0147,Tubería calibre/ref 28,Tubería,48242,10,0.0,0.0,0.0,0.0,20.353932584269664,10613.24,0.0,0.0,0.0
MP-0091,Tubería calibre/ref 34,Tubería,75896,11,0.0,0.0,0.0,0.0,20.353932584269664,16697.12,0.0,0.0,0.0
MP-0407,Lámina calibre/ref 34,Lámina,11177,10,0.0,0.0,0.0,0.0,20.77570093457944,2458.94,0.0,0.0,0.0
MP-0061,Tornillería calibre/ref 7,Tornillería,53880,11,0.0,0.0,0.0,0.0,21.359223300970875,11853.6,0.0,0.0,0.0
MP-0131,Tornillería calibre/ref 8,Tornillería,37576,9,4548.95,2599.3999999999996,7.121643835616437,15.20253118544555,21.359223300970875,8266.72,116.0,268.0,307.0
MP-0298,Correderas calibre/ref 23,Correderas,3294,12,0.0,0.0,0.0,0.0,23.56053811659193,724.68,0.0,0.0,0.0
MP-0236,Empaque calibre/ref 12,Empaque,12660,10,0.0,0.0,0.0,0.0,22.625,2785.2,0.0,0.0,0.0
MP-90107,Lámina (dup),Lámina,74064,14,0.0,0.0,0.0,0.0,20.77570093457944,16294.08,0.0,0.0,0.0
MP-0051,Correderas calibre/ref 32,Correderas,68499,23,17539.82,10022.754285714285,27.459600782778864,33.14365239115021,23.56053811659193,15069.78,265.0,912.0,447.0
MP-0137,Vidrio calibre/ref 12,Vidrio,39144,6,7644.870000000001,4368.497142857143,11.968485322896283,28.945261277600714,20.402439024390244,8611.68,215.0,459.0,390.0
MP-0415,Correderas calibre/ref 28,Correderas,12117,9,0.0,0.0,0.0,0.0,23.56053811659193,2665.7400000000002,0.0,0.0,0.0
MP-0253,Tubería calibre/ref 5,Tubería,9356,10,0.0,0.0,0.0,0.0,20.353932584269664,2058.32,0.0,0.0,0.0
MP-0064,Tubería calibre/ref 23,Tubería,35201,11,0.0,0.0,0.0,0.0,20.353932584269664,7744.22,0.0,0.0,0.0
MP-0086,Empaque calibre/ref 3,Empaque,69618,19,0.0,0.0,0.0,0.0,22.625,15315.960000000001,0.0,0.0,0.0
MP-90019,Vidrio (dup),Vidrio,85882,17,0.0,0.0,0.0,0.0,20.402439024390244,18894.04,0.0,0.0,0.0
MP-0391,Adhesivos calibre/ref 29,Adhesivos,8995,15,0.0,0.0,0.0,0.0,24.979591836734695,1978.9,0.0,0.0,0.0
MP-0070,Tubería calibre/ref 34,Tubería,57954,9,0.0,0.0,0.0,0.0,20.353932584269664,12749.88,0.0,0.0,0.0
MP-0071,Pintura calibre/ref 10,Pintura,64609,10,8310.6,4748.914285714286,13.010724070450099,32.086699514195686,21.453333333333333,14213.98,244.0,523.0,317.0
MP-0400,Tubería calibre/ref 15,Tubería,13930,11,0.0,0.0,0.0,0.0,20.353932584269664,3064.6,0.0,0.0,0.0
MP-0020,Lámina calibre/ref 1,Lámina,248445,15,11343.619999999999,6482.06857142857,17.75909197651663,25.815486843525804,20.77570093457944,54657.9,194.0,563.0,189.0
MP-0282,Tornillería calibre/ref 28,Tornillería,14231,11,0.0,0.0,0.0,0.0,21.359223300970875,3130.82,0.0,0.0,0.0
MP-90093,Adhesivos (dup),Adhesivos,75030,7,0.0,0.0,0.0,0.0,24.979591836734695,16506.6,0.0,0.0,0.0
MP-0034,Tornillería calibre/ref 13,Tornillería,318023,18,0.0,0.0,0.0,0.0,21.359223300970875,69965.06,0.0,0.0,0.0
MP-0001,Adhesivos calibre/ref 25,Adhesivos,299035,26,12833.46,7333.405714285714,20.091522504892367,58.54564395165781,24.979591836734695,65787.7,481.0,983.0,183.0
MP-0085,Empaque calibre/ref 20,Empaque,42369,11,10389.1,5936.628571428571,16.264735812133072,35.55587560401591,22.625,9321.18,278.0,646.0,437.0
MP-0179,Correderas calibre/ref 24,Correderas,11205,15,0.0,0.0,0.0,0.0,23.56053811659193,2465.1,0.0,0.0,0.0
MP-90223,Tornillería (dup),Tornillería,10728,13,0.0,0.0,0.0,0.0,21.359223300970875,2360.16,0.0,0.0,0.0
MP-0309,Tubería calibre/ref 3,Tubería,6190,11,8735.13,4991.502857142857,13.675350293542072,35.920487154666645,20.353932584269664,1361.8,267.0,545.0,1049.0
MP-0341,Tornillería calibre/ref 5,Tornillería,2027,7,0.0,0.0,0.0,0.0,21.359223300970875,445.94,0.0,0.0,0.0
MP-0083,Pintura calibre/ref 14,Pintura,73001,6,0.0,0.0,0.0,0.0,21.453333333333333,16060.22,0.0,0.0,0.0
MP-0405,Lámina calibre/ref 16,Lámina,8284,12,0.0,0.0,0.0,0.0,20.77570093457944,1822.48,0.0,0.0,0.0
MP-0073,Empaque calibre/ref 3,Empaque,45806,11,11018.04,6296.022857142857,17.249377690802348,41.71686981819911,22.625,10077.32,326.0,716.0,433.0
MP-0320,Lámina calibre/ref 38,Lámina,1174,17,0.0,0.0,0.0,0.0,20.77570093457944,258.28000000000003,0.0,0.0,0.0
MP-0124,Tubería calibre/ref 35,Tubería,29143,14,0.0,0.0,0.0,0.0,20.353932584269664,6411.46,0.0,0.0,0.0
MP-0028,Tubería calibre/ref 19,Tubería,367530,19,0.0,0.0,0.0,0.0,20.353932584269664,80856.6,0.0,0.0,0.0
MP-0069,Tubería calibre/ref 25,Tubería,44153,12,0.0,0.0,0.0,0.0,20.353932584269664,9713.66,0.0,0.0,0.0
MP-0355,Lámina calibre/ref 28,Lámina,13636,5,0.0,0.0,0.0,0.0,20.77570093457944,2999.92,0.0,0.0,0.0
MP-0130,Empaque calibre/ref 33,Empaque,74019,10,0.0,0.0,0.0,0.0,22.625,16284.18,0.0,0.0,0.0
MP-0209,Tubería calibre/ref 37,Tubería,5569,9,0.0,0.0,0.0,0.0,20.353932584269664,1225.18,0.0,0.0,0.0
MP-0401,Vidrio calibre/ref 25,Vidrio,2358,11,0.0,0.0,0.0,0.0,20.402439024390244,518.76,0.0,0.0,0.0
MP-0042,Lámina calibre/ref 37,Lámina,50406,12,0.0,0.0,0.0,0.0,20.77570093457944,11089.32,0.0,0.0,0.0
MP-0007,Adhesivos calibre/ref 33,Adhesivos,313781,17,0.0,0.0,0.0,0.0,24.979591836734695,69031.82,0.0,0.0,0.0
MP-90072,Adhesivos (dup),Adhesivos,16950,13,0.0,0.0,0.0,0.0,24.979591836734695,3729.0,0.0,0.0,0.0
MP-0113,Adhesivos calibre/ref 5,Adhesivos,60878,7,0.0,0.0,0.0,0.0,24.979591836734695,13393.16,0.0,0.0,0.0
MP-0293,Lámina calibre/ref 15,Lámina,8453,11,8347.2,4769.828571428571,13.068023483365948,28.40630787091386,20.77570093457944,1859.66,213.0,484.0,877.0
MP-0201,Correderas calibre/ref 16,Correderas,13444,11,0.0,0.0,0.0,0.0,23.56053811659193,2957.68,0.0,0.0,0.0
MP-0096,Adhesivos calibre/ref 2,Adhesivos,51577,8,0.0,0.0,0.0,0.0,24.979591836734695,11346.94,0.0,0.0,0.0
MP-0117,Pintura calibre/ref 22,Pintura,19690,10,8359.68,4776.96,13.087561643835617,34.528937525887855,21.453333333333333,4331.8,263.0,544.0,575.0
MP-0088,Vidrio calibre/ref 22,Vidrio,42952,5,9870.05,5640.028571428571,15.452133072407044,37.472623273107715,20.402439024390244,9449.44,278.0,593.0,423.0
MP-0006,Lámina calibre/ref 25,Lámina,142141,15,0.0,0.0,0.0,0.0,20.77570093457944,31271.02,0.0,0.0,0.0
MP-0087,Pintura calibre/ref 11,Pintura,77924,8,0.0,0.0,0.0,0.0,21.453333333333333,17143.28,0.0,0.0,0.0
MP-0242,Empaque calibre/ref 12,Empaque,12815,13,0.0,0.0,0.0,0.0,22.625,2819.3,0.0,0.0,0.0
MP-0166,Lámina calibre/ref 28,Lámina,10838,5,0.0,0.0,0.0,0.0,20.77570093457944,2384.36,0.0,0.0,0.0
MP-0371,Tubería calibre/ref 19,Tubería,4437,6,0.0,0.0,0.0,0.0,20.353932584269664,976.14,0.0,0.0,0.0
MP-90388,Correderas (dup),Correderas,4008,15,0.0,0.0,0.0,0.0,23.56053811659193,881.76,0.0,0.0,0.0
MP-0169,Correderas calibre/ref 15,Correderas,1258,5,0.0,0.0,0.0,0.0,23.56053811659193,276.76,0.0,0.0,0.0
MP-0304,Correderas calibre/ref 16,Correderas,5637,16,0.0,0.0,0.0,0.0,23.56053811659193,1240.14,0.0,0.0,0.0
MP-0040,Correderas calibre/ref 2,Correderas,143609,17,0.0,0.0,0.0,0.0,23.56053811659193,31593.98,0.0,0.0,0.0
MP-0350,Adhesivos calibre/ref 15,Adhesivos,7054,9,0.0,0.0,0.0,0.0,24.979591836734695,1551.88,0.0,0.0,0.0
MP-0232,Tubería calibre/ref 14,Tubería,8859,26,8381.37,4789.354285714286,13.121518590998043,31.733822094325255,20.353932584269664,1948.98,236.0,503.0,859.0
MP-0196,Vidrio calibre/ref 16,Vidrio,4392,9,0.0,0.0,0.0,0.0,20.402439024390244,966.24,0.0,0.0,0.0
MP-0245,Adhesivos calibre/ref 23,Adhesivos,2815,16,0.0,0.0,0.0,0.0,24.979591836734695,619.3,0.0,0.0,0.0
MP-0141,Adhesivos calibre/ref 38,Adhesivos,20387,6,0.0,0.0,0.0,0.0,24.979591836734695,4485.14,0.0,0.0,0.0
MP-0408,Empaque calibre/ref 36,Empaque,14786,13,0.0,0.0,0.0,0.0,22.625,3252.92,0.0,0.0,0.0
MP-0099,Vidrio calibre/ref 17,Vidrio,42946,6,0.0,0.0,0.0,0.0,20.402439024390244,9448.12,0.0,0.0,0.0
MP-0291,Vidrio calibre/ref 23,Vidrio,13498,6,0.0,0.0,0.0,0.0,20.402439024390244,2969.56,0.0,0.0,0.0
MP-0223,Tornillería calibre/ref 36,Tornillería,10102,13,0.0,0.0,0.0,0.0,21.359223300970875,2222.44,0.0,0.0,0.0
MP-0205,Correderas calibre/ref 12,Correderas,2925,9,0.0,0.0,0.0,0.0,23.56053811659193,643.5,0.0,0.0,0.0
MP-0274,Tubería calibre/ref 12,Tubería,8520,8,0.0,0.0,0.0,0.0,20.353932584269664,1874.4,0.0,0.0,0.0
MP-0409,Tornillería calibre/ref 29,Tornillería,13425,6,0.0,0.0,0.0,0.0,21.359223300970875,2953.5,0.0,0.0,0.0
MP-0275,Tubería calibre/ref 33,Tubería,2333,13,0.0,0.0,0.0,0.0,20.353932584269664,513.26,0.0,0.0,0.0
MP-0148,Adhesivos calibre/ref 14,Adhesivos,74617,11,0.0,0.0,0.0,0.0,24.979591836734695,16415.74,0.0,0.0,0.0
MP-0161,Correderas calibre/ref 21,Correderas,2495,9,4248.5,2427.714285714286,6.651272015655578,19.404666023718715,23.56053811659193,548.9,155.0,312.0,1152.0
MP-0317,Tubería calibre/ref 13,Tubería,6640,8,0.0,0.0,0.0,0.0,20.353932584269664,1460.8,0.0,0.0,0.0
MP-0383,Tornillería calibre/ref 26,Tornillería,2342,13,0.0,0.0,0.0,0.0,21.359223300970875,515.24,0.0,0.0,0.0
MP-0233,Correderas calibre/ref 11,Correderas,5273,10,0.0,0.0,0.0,0.0,23.56053811659193,1160.06,0.0,0.0,0.0
MP-0358,Adhesivos calibre/ref 25,Adhesivos,10081,13,0.0,0.0,0.0,0.0,24.979591836734695,2217.82,0.0,0.0,0.0
MP-0081,Adhesivos calibre/ref 17,Adhesivos,29017,10,0.0,0.0,0.0,0.0,24.979591836734695,6383.74,0.0,0.0,0.0
MP-90197,Tornillería (dup),Tornillería,4142,7,0.0,0.0,0.0,0.0,21.359223300970875,911.24,0.0,0.0,0.0
MP-0158,Tubería calibre/ref 32,Tubería,9120,10,0.0,0.0,0.0,0.0,20.353932584269664,2006.4,0.0,0.0,0.0
MP-0140,Vidrio calibre/ref 10,Vidrio,69076,19,0.0,0.0,0.0,0.0,20.402439024390244,15196.72,0.0,0.0,0.0
MP-0272,Correderas calibre/ref 39,Correderas,12300,7,1204.6,688.342857142857,1.8858708414872796,4.025757387086626,23.56053811659193,2706.0,32.0,76.0,276.0
MP-0044,Vidrio calibre/ref 25,Vidrio,64011,5,0.0,0.0,0.0,0.0,20.402439024390244,14082.42,0.0,0.0,0.0
MP-0120,Pintura calibre/ref 2,Pintura,57256,14,10001.099999999999,5714.914285714284,15.657299412915847,45.721153591245766,21.453333333333333,12596.32,348.0,684.0,369.0
MP-0269,Vidrio calibre/ref 13,Vidrio,2974,6,0.0,0.0,0.0,0.0,20.402439024390244,654.28,0.0,0.0,0.0
MP-0386,Correderas calibre/ref 22,Correderas,5157,13,8696.88,4969.645714285713,13.615467710371817,26.25190579204271,23.56053811659193,1134.54,210.0,531.0,1146.0
MP-0385,Tubería calibre/ref 28,Tubería,11740,9,2716.95,1552.542857142857,4.253542074363992,10.315170014525762,20.353932584269664,2582.8,77.0,164.0,425.0
MP-0190,Vidrio calibre/ref 20,Vidrio,8785,5,0.0,0.0,0.0,0.0,20.402439024390244,1932.7,0.0,0.0,0.0
MP-0258,Empaque calibre/ref 38,Empaque,14988,9,0.0,0.0,0.0,0.0,22.625,3297.36,0.0,0.0,0.0
MP-0184,Tornillería calibre/ref 3,Tornillería,13370,8,0.0,0.0,0.0,0.0,21.359223300970875,2941.4,0.0,0.0,0.0
MP-0204,Correderas calibre/ref 22,Correderas,3743,6,0.0,0.0,0.0,0.0,23.56053811659193,823.46,0.0,0.0,0.0
MP-0095,Pintura calibre/ref 39,Pintura,49436,8,0.0,0.0,0.0,0.0,21.453333333333333,10875.92,0.0,0.0,0.0
MP-0395,Empaque calibre/ref 21,Empaque,12818,7,0.0,0.0,0.0,0.0,22.625,2819.96,0.0,0.0,0.0
MP-0079,Lámina calibre/ref 13,Lámina,61211,15,0.0,0.0,0.0,0.0,20.77570093457944,13466.42,0.0,0.0,0.0
MP-0413,Empaque calibre/ref 36,Empaque,332,7,0.0,0.0,0.0,0.0,22.625,73.04,0.0,0.0,0.0
MP-0173,Tubería calibre/ref 35,Tubería,7717,9,0.0,0.0,0.0,0.0,20.353932584269664,1697.74,0.0,0.0,0.0
MP-90390,Tornillería (dup),Tornillería,15622,13,0.0,0.0,0.0,0.0,21.359223300970875,3436.84,0.0,0.0,0.0
MP-0302,Tubería calibre/ref 29,Tubería,4885,29,0.0,0.0,0.0,0.0,20.353932584269664,1074.7,0.0,0.0,0.0
MP-0237,Correderas calibre/ref 14,Correderas,2056,11,0.0,0.0,0.0,0.0,23.56053811659193,452.32,0.0,0.0,0.0
MP-90183,Tubería (dup),Tubería,14062,15,0.0,0.0,0.0,0.0,20.353932584269664,3093.64,0.0,0.0,0.0
MP-0326,Vidrio calibre/ref 25,Vidrio,913,7,0.0,0.0,0.0,0.0,20.402439024390244,200.86,0.0,0.0,0.0
MP-0346,Correderas calibre/ref 37,Correderas,8492,14,0.0,0.0,0.0,0.0,23.56053811659193,1868.24,0.0,0.0,0.0
MP-0189,Lámina calibre/ref 34,Lámina,5058,16,7823.099999999999,4470.342857142857,12.247514677103718,35.73135054022687,20.77570093457944,1112.76,268.0,522.0,1098.0
MP-0168,Adhesivos calibre/ref 15,Adhesivos,2412,10,0.0,0.0,0.0,0.0,24.979591836734695,530.64,0.0,0.0,0.0
MP-0153,Correderas calibre/ref 31,Correderas,14614,9,6444.0,3682.285714285714,10.088454011741684,27.96844143639313,23.56053811659193,3215.08,223.0,461.0,586.0
MP-0314,Vidrio calibre/ref 30,Vidrio,3975,9,0.0,0.0,0.0,0.0,20.402439024390244,874.5,0.0,0.0,0.0
MP-0267,Tubería calibre/ref 24,Tubería,7722,11,0.0,0.0,0.0,0.0,20.353932584269664,1698.84,0.0,0.0,0.0
MP-0186,Empaque calibre/ref 10,Empaque,14860,16,0.0,0.0,0.0,0.0,22.625,3269.2,0.0,0.0,0.0
MP-0261,Vidrio calibre/ref 11,Vidrio,4365,7,0.0,0.0,0.0,0.0,20.402439024390244,960.3,0.0,0.0,0.0
MP-0194,Pintura calibre/ref 9,Pintura,7578,13,0.0,0.0,0.0,0.0,21.453333333333333,1667.16,0.0,0.0,0.0
MP-90370,Tubería (dup),Tubería,15454,15,0.0,0.0,0.0,0.0,20.353932584269664,3399.88,0.0,0.0,0.0
MP-0072,Adhesivos calibre/ref 35,Adhesivos,15680,13,0.0,0.0,0.0,0.0,24.979591836734695,3449.6,0.0,0.0,0.0
MP-0419,Correderas calibre/ref 5,Correderas,10429,9,0.0,0.0,0.0,0.0,23.56053811659193,2294.38,0.0,0.0,0.0
MP-0039,Tubería calibre/ref 24,Tubería,395252,35,1334.75,762.7142857142857,2.089628180039139,4.2788351404009655,20.353932584269664,86955.44,32.0,75.0,51.0
MP-0230,Correderas calibre/ref 26,Correderas,11714,8,0.0,0.0,0.0,0.0,23.56053811659193,2577.08,0.0,0.0,0.0
MP-0316,Tubería calibre/ref 40,Tubería,10502,11,0.0,0.0,0.0,0.0,20.353932584269664,2310.44,0.0,0.0,0.0
MP-0046,Pintura calibre/ref 27,Pintura,36673,16,0.0,0.0,0.0,0.0,21.453333333333333,8068.06,0.0,0.0,0.0
MP-0286,Vidrio calibre/ref 2,Vidrio,8518,7,0.0,0.0,0.0,0.0,20.402439024390244,1873.96,0.0,0.0,0.0
MP-0397,Empaque calibre/ref 20,Empaque,8205,6,0.0,0.0,0.0,0.0,22.625,1805.1,0.0,0.0,0.0
MP-90137,Vidrio (dup),Vidrio,41373,6,0.0,0.0,0.0,0.0,20.402439024390244,9102.06,0.0,0.0,0.0
MP-0054,Correderas calibre/ref 17,Correderas,52942,6,0.0,0.0,0.0,0.0,23.56053811659193,11647.24,0.0,0.0,0.0
MP-0262,Correderas calibre/ref 27,Correderas,10446,8,0.0,0.0,0.0,0.0,23.56053811659193,2298.12,0.0,0.0,0.0
MP-0115,Lámina calibre/ref 39,Lámina,26639,19,0.0,0.0,0.0,0.0,20.77570093457944,5860.58,0.0,0.0,0.0
MP-0180,Empaque calibre/ref 28,Empaque,6718,13,0.0,0.0,0.0,0.0,22.625,1477.96,0.0,0.0,0.0
MP-0155,Tornillería calibre/ref 15,Tornillería,14126,8,0.0,0.0,0.0,0.0,21.359223300970875,3107.72,0.0,0.0,0.0
MP-0394,Vidrio calibre/ref 15,Vidrio,1688,6,0.0,0.0,0.0,0.0,20.402439024390244,371.36,0.0,0.0,0.0
MP-0266,Pintura calibre/ref 19,Pintura,8009,23,0.0,0.0,0.0,0.0,21.453333333333333,1761.98,0.0,0.0,0.0
MP-0229,Empaque calibre/ref 9,Empaque,7426,16,14364.0,8208.0,22.487671232876714,62.34306219620592,22.625,1633.72,488.0,997.0,1228.0
MP-0068,Empaque calibre/ref 40,Empaque,33602,9,0.0,0.0,0.0,0.0,22.625,7392.44,0.0,0.0,0.0
MP-0251,Lámina calibre/ref 15,Lámina,11276,10,0.0,0.0,0.0,0.0,20.77570093457944,2480.72,0.0,0.0,0.0
MP-0318,Correderas calibre/ref 26,Correderas,13277,14,0.0,0.0,0.0,0.0,23.56053811659193,2920.94,0.0,0.0,0.0
MP-0411,Correderas calibre/ref 9,Correderas,2329,14,8080.2699999999995,4617.297142857143,12.65012915851272,24.72298116880357,23.56053811659193,512.38,197.0,495.0,1644.0
MP-0289,Adhesivos calibre/ref 9,Adhesivos,10185,13,0.0,0.0,0.0,0.0,24.979591836734695,2240.7,0.0,0.0,0.0
MP-0225,Empaque calibre/ref 17,Empaque,7878,5,0.0,0.0,0.0,0.0,22.625,1733.16,0.0,0.0,0.0
MP-0076,Tornillería calibre/ref 19,Tornillería,29459,17,11413.36,6521.92,17.86827397260274,42.09105161168794,21.359223300970875,6480.9800000000005,320.0,702.0,549.0
MP-0277,Empaque calibre/ref 37,Empaque,1976,11,0.0,0.0,0.0,0.0,22.625,434.72,0.0,0.0,0.0
MP-0345,Lámina calibre/ref 26,Lámina,14371,6,0.0,0.0,0.0,0.0,20.77570093457944,3161.62,0.0,0.0,0.0
MP-0363,Adhesivos calibre/ref 33,Adhesivos,8678,21,0.0,0.0,0.0,0.0,24.979591836734695,1909.16,0.0,0.0,0.0
MP-0022,Correderas calibre/ref 1,Correderas,173118,13,15643.89,8939.365714285714,24.49141291585127,43.72881872077366,23.56053811659193,38085.96,349.0,926.0,265.0
MP-0279,Adhesivos calibre/ref 6,Adhesivos,1287,14,0.0,0.0,0.0,0.0,24.979591836734695,283.14,0.0,0.0,0.0
MP-0025,Vidrio calibre/ref 34,Vidrio,216530,19,0.0,0.0,0.0,0.0,20.402439024390244,47636.6,0.0,0.0,0.0
MP-0082,Tornillería calibre/ref 15,Tornillería,23972,7,0.0,0.0,0.0,0.0,21.359223300970875,5273.84,0.0,0.0,0.0
MP-0089,Lámina calibre/ref 24,Lámina,56054,9,0.0,0.0,0.0,0.0,20.77570093457944,12331.88,0.0,0.0,0.0
MP-0199,Empaque calibre/ref 36,Empaque,13941,19,9368.28,5353.302857142858,14.666583170254405,35.47049358873614,22.625,3067.02,278.0,610.0,724.0
MP-0392,Vidrio calibre/ref 34,Vidrio,1025,9,0.0,0.0,0.0,0.0,20.402439024390244,225.5,0.0,0.0,0.0
MP-0374,Pintura calibre/ref 11,Pintura,2099,5,0.0,0.0,0.0,0.0,21.453333333333333,461.78000000000003,0.0,0.0,0.0
MP-90018,Adhesivos (dup),Adhesivos,104040,11,0.0,0.0,0.0,0.0,24.979591836734695,22888.8,0.0,0.0,0.0
MP-0406,Tubería calibre/ref 27,Tubería,1249,16,0.0,0.0,0.0,0.0,20.353932584269664,274.78000000000003,0.0,0.0,0.0
MP-0063,Adhesivos calibre/ref 37,Adhesivos,30966,12,0.0,0.0,0.0,0.0,24.979591836734695,6812.52,0.0,0.0,0.0
MP-0299,Empaque calibre/ref 10,Empaque,7144,7,9623.68,5499.245714285714,15.066426614481408,39.574370824546655,22.625,1571.68,310.0,651.0,1025.0
MP-0339,Adhesivos calibre/ref 25,Adhesivos,4192,7,2186.52,1249.4399999999998,3.4231232876712325,7.5075890049114085,24.979591836734695,922.24,62.0,148.0,638.0
MP-0019,Vidrio calibre/ref 29,Vidrio,81958,17,11192.390000000001,6395.651428571429,17.522332681017616,31.69198157738937,20.402439024390244,18030.76,235.0,592.0,326.0
MP-0182,Vidrio calibre/ref 13,Vidrio,7457,13,15947.66,9112.948571428571,24.966982387475536,59.67005469497734,20.402439024390244,1640.54,443.0,952.0,1291.0
MP-0128,Pintura calibre/ref 15,Pintura,56497,8,17572.059999999998,10041.177142857141,27.510074363992167,54.423327184884755,21.453333333333333,12429.34,415.0,1005.0,492.0
MP-0390,Tornillería calibre/ref 11,Tornillería,13936,13,3491.3199999999997,1995.0399999999997,5.4658630136986295,14.689067310229209,21.359223300970875,3065.92,112.0,229.0,442.0
MP-0093,Adhesivos calibre/ref 7,Adhesivos,67888,14,0.0,0.0,0.0,0.0,24.979591836734695,14935.36,0.0,0.0,0.0
MP-0202,Pintura calibre/ref 34,Pintura,2983,15,14022.0,8012.571428571428,21.95225048923679,60.85870357248673,21.453333333333333,656.26,464.0,935.0,1914.0
MP-0373,Tornillería calibre/ref 19,Tornillería,13149,10,18679.1,10673.771428571426,29.243209393346373,45.49959569382553,21.359223300970875,2892.78,346.0,971.0,1052.0
MP-90091,Tubería (dup),Tubería,80087,11,0.0,0.0,0.0,0.0,20.353932584269664,17619.14,0.0,0.0,0.0
MP-0263,Tubería calibre/ref 33,Tubería,4802,6,0.0,0.0,0.0,0.0,20.353932584269664,1056.44,0.0,0.0,0.0
MP-0255,Tornillería calibre/ref 6,Tornillería,7693,13,0.0,0.0,0.0,0.0,21.359223300970875,1692.46,0.0,0.0,0.0
MP-0143,Pintura calibre/ref 19,Pintura,78410,11,11036.650000000001,6306.657142857143,17.278512720156556,41.901735821717644,21.453333333333333,17250.2,319.0,690.0,331.0
MP-0312,Vidrio calibre/ref 7,Vidrio,7466,12,0.0,0.0,0.0,0.0,20.402439024390244,1642.52,0.0,0.0,0.0
MP-0104,Tubería calibre/ref 14,Tubería,71159,13,0.0,0.0,0.0,0.0,20.353932584269664,15654.98,0.0,0.0,0.0
MP-0014,Vidrio calibre/ref 37,Vidrio,234603,9,10428.26,5959.005714285714,16.326043052837573,47.57323410797361,20.402439024390244,51612.66,353.0,686.0,186.0
MP-0307,Pintura calibre/ref 23,Pintura,2975,6,0.0,0.0,0.0,0.0,21.453333333333333,654.5,0.0,0.0,0.0
MP-0178,Vidrio calibre/ref 15,Vidrio,7406,8,3042.0,1738.2857142857142,4.7624266144814085,13.20297933729173,20.402439024390244,1629.32,98.0,195.0,566.0
MP-0037,Pintura calibre/ref 28,Pintura,101283,13,9117.87,5210.211428571429,14.274551859099805,34.522382911049796,21.453333333333333,22282.26,263.0,569.0,265.0
MP-0100,Pintura calibre/ref 33,Pintura,61699,8,0.0,0.0,0.0,0.0,21.453333333333333,13573.78,0.0,0.0,0.0
MP-90038,Adhesivos (dup),Adhesivos,339193,18,0.0,0.0,0.0,0.0,24.979591836734695,74622.46,0.0,0.0,0.0
MP-0420,Adhesivos calibre/ref 30,Adhesivos,13429,7,0.0,0.0,0.0,0.0,24.979591836734695,2954.38,0.0,0.0,0.0
MP-0398,Correderas calibre/ref 39,Correderas,653,18,0.0,0.0,0.0,0.0,23.56053811659193,143.66,0.0,0.0,0.0
MP-0240,Correderas calibre/ref 20,Correderas,6284,10,0.0,0.0,0.0,0.0,23.56053811659193,1382.48,0.0,0.0,0.0
MP-0248,Tornillería calibre/ref 23,Tornillería,860,6,0.0,0.0,0.0,0.0,21.359223300970875,189.2,0.0,0.0,0.0
MP-0105,Lámina calibre/ref 21,Lámina,56750,11,0.0,0.0,0.0,0.0,20.77570093457944,12485.0,0.0,0.0,0.0
MP-90157,Tornillería (dup),Tornillería,2888,6,0.0,0.0,0.0,0.0,21.359223300970875,635.36,0.0,0.0,0.0
MP-0035,Empaque calibre/ref 39,Empaque,391712,17,0.0,0.0,0.0,0.0,22.625,86176.64,0.0,0.0,0.0
MP-0031,Pintura calibre/ref 18,Pintura,324073,13,0.0,0.0,0.0,0.0,21.453333333333333,71296.06,0.0,0.0,0.0
MP-0018,Adhesivos calibre/ref 8,Adhesivos,91904,11,1517.19,866.9657142857143,2.375248532289628,5.74443528245255,24.979591836734695,20218.88,47.0,106.0,113.0
MP-0271,Vidrio calibre/ref 17,Vidrio,6198,10,0.0,0.0,0.0,0.0,20.402439024390244,1363.56,0.0,0.0,0.0
MP-0361,Tubería calibre/ref 32,Tubería,1316,17,0.0,0.0,0.0,0.0,20.353932584269664,289.52,0.0,0.0,0.0
MP-0150,Correderas calibre/ref 9,Correderas,40425,10,9144.0,5225.142857142857,14.31545988258317,39.687062149965676,23.56053811659193,8893.5,317.0,654.0,420.0
MP-0295,Pintura calibre/ref 28,Pintura,12068,9,0.0,0.0,0.0,0.0,21.453333333333333,2654.96,0.0,0.0,0.0
MP-0047,Correderas calibre/ref 20,Correderas,60848,12,5514.78,3151.3028571428567,8.633706457925635,25.15816828444733,23.56053811659193,13386.56,201.0,404.0,266.0
MP-0116,Pintura calibre/ref 38,Pintura,49643,9,4751.7,2715.2571428571428,7.439060665362035,16.170482690030358,21.453333333333333,10921.460000000001,123.0,283.0,273.0
MP-0084,Adhesivos calibre/ref 1,Adhesivos,26907,7,0.0,0.0,0.0,0.0,24.979591836734695,5919.54,0.0,0.0,0.0
MP-90185,Tornillería (dup),Tornillería,13693,9,0.0,0.0,0.0,0.0,21.359223300970875,3012.46,0.0,0.0,0.0
MP-0045,Correderas calibre/ref 3,Correderas,62696,6,3932.1,2246.9142857142856,6.155929549902153,11.869212725125694,23.56053811659193,13793.12,95.0,240.0,221.0
MP-0372,Pintura calibre/ref 3,Pintura,7801,7,0.0,0.0,0.0,0.0,21.453333333333333,1716.22,0.0,0.0,0.0
MP-0310,Pintura calibre/ref 7,Pintura,11146,12,0.0,0.0,0.0,0.0,21.453333333333333,2452.12,0.0,0.0,0.0
MP-0136,Tubería calibre/ref 19,Tubería,50144,24,7615.1,4351.4857142857145,11.92187866927593,24.411880485234988,20.353932584269664,11031.68,181.0,424.0,344.0
MP-0011,Adhesivos calibre/ref 36,Adhesivos,356026,20,0.0,0.0,0.0,0.0,24.979591836734695,78325.72,0.0,0.0,0.0
MP-90127,Pintura (dup),Pintura,19690,8,0.0,0.0,0.0,0.0,21.453333333333333,4331.8,0.0,0.0,0.0
MP-0211,Empaque calibre/ref 29,Empaque,5707,16,4866.28,2780.7314285714283,7.618442270058708,20.47395096136195,22.625,1255.54,160.0,332.0,815.0
MP-0283,Empaque calibre/ref 40,Empaque,10720,8,0.0,0.0,0.0,0.0,22.625,2358.4,0.0,0.0,0.0
MP-0074,Empaque calibre/ref 27,Empaque,57757,6,7696.21,4397.834285714285,12.048861056751466,31.648253940653085,22.625,12706.54,248.0,521.0,322.0
MP-0249,Vidrio calibre/ref 19,Vidrio,13337,38,0.0,0.0,0.0,0.0,20.402439024390244,2934.14,0.0,0.0,0.0
MP-0177,Pintura calibre/ref 4,Pintura,929,8,0.0,0.0,0.0,0.0,21.453333333333333,204.38,0.0,0.0,0.0
MP-0015,Empaque calibre/ref 15,Empaque,151416,15,6413.889999999999,3665.0799999999995,10.04131506849315,22.81674083747379,22.625,33311.52,179.0,406.0,182.0
MP-0235,Empaque calibre/ref 3,Empaque,6681,6,0.0,0.0,0.0,0.0,22.625,1469.82,0.0,0.0,0.0
MP-0418,Pintura calibre/ref 21,Pintura,14607,8,8106.3099999999995,4632.177142857142,12.69089628180039,33.33466178829001,21.453333333333333,3213.54,254.0,526.0,658.0
MP-0227,Vidrio calibre/ref 28,Vidrio,2521,13,4801.68,2743.8171428571427,7.5173072407045005,18.538981941535287,20.402439024390244,554.62,138.0,291.0,1218.0
MP-0315,Tornillería calibre/ref 19,Tornillería,447,7,0.0,0.0,0.0,0.0,21.359223300970875,98.34,0.0,0.0,0.0
MP-0026,Empaque calibre/ref 21,Empaque,393154,11,6817.7699999999995,3895.868571428571,10.67361252446184,26.3229775644235,22.625,86493.88,206.0,447.0,116.0
MP-0359,Tubería calibre/ref 1,Tubería,13436,11,0.0,0.0,0.0,0.0,20.353932584269664,2955.92,0.0,0.0,0.0
MP-0041,Empaque calibre/ref 15,Empaque,33775,9,0.0,0.0,0.0,0.0,22.625,7430.5,0.0,0.0,0.0
MP-0403,Vidrio calibre/ref 10,Vidrio,7247,7,0.0,0.0,0.0,0.0,20.402439024390244,1594.34,0.0,0.0,0.0
MP-0224,Pintura calibre/ref 3,Pintura,14481,13,0.0,0.0,0.0,0.0,21.453333333333333,3185.82,0.0,0.0,0.0
MP-0290,Tubería calibre/ref 40,Tubería,14877,14,0.0,0.0,0.0,0.0,20.353932584269664,3272.94,0.0,0.0,0.0
MP-0165,Lámina calibre/ref 3,Lámina,14129,9,0.0,0.0,0.0,0.0,20.77570093457944,3108.38,0.0,0.0,0.0
MP-0023,Adhesivos calibre/ref 3,Adhesivos,120113,16,0.0,0.0,0.0,0.0,24.979591836734695,26424.86,0.0,0.0,0.0
MP-0388,Correderas calibre/ref 1,Correderas,3807,15,8002.8,4573.028571428571,12.528845401174166,30.898303235892143,23.56053811659193,837.54,247.0,542.0,1280.0
MP-0218,Pintura calibre/ref 24,Pintura,10287,6,0.0,0.0,0.0,0.0,21.453333333333333,2263.14,0.0,0.0,0.0
MP-0259,Tubería calibre/ref 17,Tubería,1924,13,0.0,0.0,0.0,0.0,20.353932584269664,423.28000000000003,0.0,0.0,0.0
MP-0305,Lámina calibre/ref 30,Lámina,4165,12,0.0,0.0,0.0,0.0,20.77570093457944,916.3,0.0,0.0,0.0
MP-0382,Adhesivos calibre/ref 5,Adhesivos,12199,7,0.0,0.0,0.0,0.0,24.979591836734695,2683.78,0.0,0.0,0.0
MP-0038,Adhesivos calibre/ref 34,Adhesivos,307900,18,0.0,0.0,0.0,0.0,24.979591836734695,67738.0,0.0,0.0,0.0
MP-0313,Tubería calibre/ref 38,Tubería,12338,7,0.0,0.0,0.0,0.0,20.353932584269664,2714.36,0.0,0.0,0.0
MP-0246,Empaque calibre/ref 37,Empaque,10117,13,0.0,0.0,0.0,0.0,22.625,2225.7400000000002,0.0,0.0,0.0
MP-0048,Lámina calibre/ref 18,Lámina,15566,8,0.0,0.0,0.0,0.0,20.77570093457944,3424.52,0.0,0.0,0.0
MP-0101,Correderas calibre/ref 14,Correderas,70351,7,9669.0,5525.142857142857,15.137377690802348,44.16234336432535,23.56053811659193,15477.22,353.0,710.0,327.0
MP-0075,Tubería calibre/ref 3,Tubería,30143,6,0.0,0.0,0.0,0.0,20.353932584269664,6631.46,0.0,0.0,0.0
MP-0300,Adhesivos calibre/ref 39,Adhesivos,6323,10,0.0,0.0,0.0,0.0,24.979591836734695,1391.06,0.0,0.0,0.0
MP-0331,Adhesivos calibre/ref 13,Adhesivos,14953,6,0.0,0.0,0.0,0.0,24.979591836734695,3289.66,0.0,0.0,0.0
MP-0106,Correderas calibre/ref 37,Correderas,22268,10,5359.53,3062.588571428571,8.39065362035225,16.398407387827117,23.56053811659193,4898.96,131.0,329.0,433.0
MP-0287,Lámina calibre/ref 3,Lámina,13398,10,0.0,0.0,0.0,0.0,20.77570093457944,2947.56,0.0,0.0,0.0
MP-0191,Correderas calibre/ref 34,Correderas,12700,13,0.0,0.0,0.0,0.0,23.56053811659193,2794.0,0.0,0.0,0.0
MP-0004,Vidrio calibre/ref 33,Vidrio,385136,12,7016.099999999999,4009.1999999999994,10.984109589041093,21.178399176204667,20.402439024390244,84729.92,157.0,381.0,119.0
MP-0172,Correderas calibre/ref 21,Correderas,11722,11,0.0,0.0,0.0,0.0,23.56053811659193,2578.84,0.0,0.0,0.0
MP-0329,Vidrio calibre/ref 2,Vidrio,4253,12,0.0,0.0,0.0,0.0,20.402439024390244,935.66,0.0,0.0,0.0
MP-0351,Tubería calibre/ref 15,Tubería,11483,14,0.0,0.0,0.0,0.0,20.353932584269664,2526.26,0.0,0.0,0.0
MP-0005,Adhesivos calibre/ref 2,Adhesivos,141286,14,10153.15,5801.799999999999,15.895342465753423,33.52829012109691,24.979591836734695,31082.920000000002,276.0,673.0,237.0
MP-0078,Pintura calibre/ref 14,Pintura,56933,36,10083.04,5761.737142857143,15.78558121330724,42.422480108306765,21.453333333333333,12525.26,323.0,662.0,371.0
MP-0396,Lámina calibre/ref 35,Lámina,4858,13,0.0,0.0,0.0,0.0,20.77570093457944,1068.76,0.0,0.0,0.0
MP-0234,Vidrio calibre/ref 13,Vidrio,13458,11,0.0,0.0,0.0,0.0,20.402439024390244,2960.76,0.0,0.0,0.0
MP-0057,Tornillería calibre/ref 18,Tornillería,65040,8,0.0,0.0,0.0,0.0,21.359223300970875,14308.8,0.0,0.0,0.0
MP-0033,Pintura calibre/ref 16,Pintura,157770,16,6198.839999999999,3542.194285714285,9.704641878669273,18.711464766668737,21.453333333333333,34709.4,143.0,351.0,175.0
MP-0017,Correderas calibre/ref 12,Correderas,165823,22,0.0,0.0,0.0,0.0,23.56053811659193,36481.06,0.0,0.0,0.0
MP-0126,Vidrio calibre/ref 16,Vidrio,42475,13,0.0,0.0,0.0,0.0,20.402439024390244,9344.5,0.0,0.0,0.0
MP-0321,Tornillería calibre/ref 25,Tornillería,14487,11,5004.099999999999,2859.485714285714,7.8342074363992165,18.99856172166892,21.359223300970875,3187.14,144.0,311.0,519.0
MP-0174,Adhesivos calibre/ref 40,Adhesivos,13913,10,0.0,0.0,0.0,0.0,24.979591836734695,3060.86,0.0,0.0,0.0
MP-0222,Tubería calibre/ref 3,Tubería,1810,15,0.0,0.0,0.0,0.0,20.353932584269664,398.2,0.0,0.0,0.0
MP-0102,Vidrio calibre/ref 26,Vidrio,15942,20,11911.51,6806.5771428571425,18.648156555772992,42.37394726959419,20.402439024390244,3507.2400000000002,315.0,695.0,763.0
MP-0369,Correderas calibre/ref 12,Correderas,8062,14,11640.92,6651.954285714285,18.22453228962818,53.21777517107165,23.56053811659193,1773.64,425.0,854.0,1061.0
MP-0349,Empaque calibre/ref 23,Empaque,3496,12,0.0,0.0,0.0,0.0,22.625,769.12,0.0,0.0,0.0
MP-0066,Pintura calibre/ref 18,Pintura,21206,12,0.0,0.0,0.0,0.0,21.453333333333333,4665.32,0.0,0.0,0.0
MP-0241,Adhesivos calibre/ref 30,Adhesivos,6469,12,0.0,0.0,0.0,0.0,24.979591836734695,1423.18,0.0,0.0,0.0
MP-0123,Tubería calibre/ref 14,Tubería,29806,23,0.0,0.0,0.0,0.0,20.353932584269664,6557.32,0.0,0.0,0.0
MP-0357,Correderas calibre/ref 28,Correderas,6420,12,9192.96,5253.119999999999,14.392109589041093,37.970728726217516,23.56053811659193,1412.4,303.0,642.0,1056.0
MP-0239,Pintura calibre/ref 32,Pintura,10488,15,3962.1000000000004,2264.057142857143,6.202896281800392,13.48339951305202,21.453333333333333,2307.36,103.0,236.0,543.0
MP-0154,Adhesivos calibre/ref 5,Adhesivos,14258,16,0.0,0.0,0.0,0.0,24.979591836734695,3136.76,0.0,0.0,0.0
MP-0152,Tubería calibre/ref 6,Tubería,10764,25,0.0,0.0,0.0,0.0,20.353932584269664,2368.08,0.0,0.0,0.0
MP-90206,Adhesivos (dup),Adhesivos,15129,13,0.0,0.0,0.0,0.0,24.979591836734695,3328.38,0.0,0.0,0.0
MP-0220,Tubería calibre/ref 13,Tubería,1498,6,0.0,0.0,0.0,0.0,20.353932584269664,329.56,0.0,0.0,0.0
MP-0092,Pintura calibre/ref 37,Pintura,22184,23,0.0,0.0,0.0,0.0,21.453333333333333,4880.4800000000005,0.0,0.0,0.0
MP-0297,Tornillería calibre/ref 7,Tornillería,7673,25,0.0,0.0,0.0,0.0,21.359223300970875,1688.06,0.0,0.0,0.0
MP-0118,Vidrio calibre/ref 21,Vidrio,71465,5,9898.56,5656.32,15.49676712328767,37.4782573767778,20.402439024390244,15722.3,278.0,594.0,329.0
MP-0060,Correderas calibre/ref 39,Correderas,33628,17,7472.639999999999,4270.079999999999,11.69884931506849,30.865095280375638,23.56053811659193,7398.16,246.0,522.0,416.0
MP-0404,Correderas calibre/ref 5,Correderas,5831,10,0.0,0.0,0.0,0.0,23.56053811659193,1282.82,0.0,0.0,0.0
MP-0114,Tornillería calibre/ref 15,Tornillería,34343,7,2841.9900000000002,1623.9942857142858,4.449299412915852,10.110081291180883,21.359223300970875,7555.46,77.0,172.0,254.0
MP-0129,Correderas calibre/ref 12,Correderas,38308,12,8851.5,5058.0,13.857534246575343,28.37543303634325,23.56053811659193,8427.76,227.0,553.0,424.0
MP-0036,Tubería calibre/ref 20,Tubería,339654,11,5030.64,2874.651428571429,7.8757573385518596,17.273099515059332,20.353932584269664,74723.88,128.0,288.0,107.0
MP-0334,Tornillería calibre/ref 3,Tornillería,9561,11,0.0,0.0,0.0,0.0,21.359223300970875,2103.42,0.0,0.0,0.0
MP-0214,Tubería calibre/ref 5,Tubería,5690,7,0.0,0.0,0.0,0.0,20.353932584269664,1251.8,0.0,0.0,0.0
MP-0059,Lámina calibre/ref 34,Lámina,34481,10,6214.280000000001,3551.017142857143,9.72881409001957,26.145405521296013,20.77570093457944,7585.82,196.0,398.0,375.0
MP-0043,Vidrio calibre/ref 37,Vidrio,79081,11,5784.42,3305.382857142857,9.055843444227007,26.4441266716935,20.402439024390244,17397.82,196.0,381.0,239.0
MP-0003,Tornillería calibre/ref 31,Tornillería,178655,14,0.0,0.0,0.0,0.0,21.359223300970875,39304.1,0.0,0.0,0.0
MP-0056,Adhesivos calibre/ref 8,Adhesivos,18750,7,0.0,0.0,0.0,0.0,24.979591836734695,4125.0,0.0,0.0,0.0
MP-0247,Pintura calibre/ref 15,Pintura,3903,32,0.0,0.0,0.0,0.0,21.453333333333333,858.66,0.0,0.0,0.0
MP-0055,Tornillería calibre/ref 27,Tornillería,43990,13,0.0,0.0,0.0,0.0,21.359223300970875,9677.8,0.0,0.0,0.0
MP-0270,Tornillería calibre/ref 8,Tornillería,5780,8,0.0,0.0,0.0,0.0,21.359223300970875,1271.6,0.0,0.0,0.0
MP-0151,Lámina calibre/ref 34,Lámina,14596,12,0.0,0.0,0.0,0.0,20.77570093457944,3211.12,0.0,0.0,0.0
MP-0284,Pintura calibre/ref 19,Pintura,4906,9,0.0,0.0,0.0,0.0,21.453333333333333,1079.32,0.0,0.0,0.0
MP-0108,Adhesivos calibre/ref 17,Adhesivos,25925,12,9903.960000000001,5659.405714285715,15.505221135029355,22.762690168657254,24.979591836734695,5703.5,187.0,574.0,546.0
MP-0399,Correderas calibre/ref 26,Correderas,5285,14,0.0,0.0,0.0,0.0,23.56053811659193,1162.7,0.0,0.0,0.0
MP-0356,Tornillería calibre/ref 38,Tornillería,9738,22,6559.56,3748.32,10.269369863013699,22.522767014734224,21.359223300970875,2142.36,171.0,390.0,724.0
MP-0231,Vidrio calibre/ref 19,Vidrio,13541,14,0.0,0.0,0.0,0.0,20.402439024390244,2979.02,0.0,0.0,0.0
MP-0090,Correderas calibre/ref 35,Correderas,48252,22,0.0,0.0,0.0,0.0,23.56053811659193,10615.44,0.0,0.0,0.0
MP-0336,Tornillería calibre/ref 24,Tornillería,10058,10,0.0,0.0,0.0,0.0,21.359223300970875,2212.76,0.0,0.0,0.0
MP-0381,Correderas calibre/ref 25,Correderas,3956,10,0.0,0.0,0.0,0.0,23.56053811659193,870.32,0.0,0.0,0.0
MP-0032,Pintura calibre/ref 22,Pintura,196328,12,2613.3,1493.3142857142857,4.091272015655577,8.377508801206103,21.453333333333333,43192.16,64.0,152.0,102.0
MP-0343,Correderas calibre/ref 18,Correderas,11205,11,11113.4,6350.5142857142855,17.39866927592955,42.193124805178826,23.56053811659193,2465.1,337.0,747.0,879.0
MP-0344,Tornillería calibre/ref 2,Tornillería,6342,21,11141.65,6366.657142857142,17.44289628180039,35.71701332987333,21.359223300970875,1395.24,272.0,645.0,1170.0
MP-0139,Lámina calibre/ref 25,Lámina,22444,9,10242.12,5852.64,16.0346301369863,35.1671274440587,20.77570093457944,4937.68,264.0,597.0,596.0
MP-0029,Empaque calibre/ref 36,Empaque,310652,14,0.0,0.0,0.0,0.0,22.625,68343.44,0.0,0.0,0.0
MP-0254,Lámina calibre/ref 18,Lámina,8919,12,11383.05,6504.599999999999,17.820821917808217,51.991122415273935,20.77570093457944,1962.18,390.0,760.0,997.0
MP-0384,Correderas calibre/ref 33,Correderas,14848,14,0.0,0.0,0.0,0.0,23.56053811659193,3266.56,0.0,0.0,0.0
MP-0228,Adhesivos calibre/ref 29,Adhesivos,3210,8,0.0,0.0,0.0,0.0,24.979591836734695,706.2,0.0,0.0,0.0
MP-0213,Vidrio calibre/ref 15,Vidrio,13735,16,0.0,0.0,0.0,0.0,20.402439024390244,3021.7,0.0,0.0,0.0
MP-0342,Adhesivos calibre/ref 8,Adhesivos,973,9,0.0,0.0,0.0,0.0,24.979591836734695,214.06,0.0,0.0,0.0
MP-0013,Adhesivos calibre/ref 1,Adhesivos,361794,18,8145.83,4654.759999999999,12.752767123287668,24.923573308104203,24.979591836734695,79594.68000000001,205.0,524.0,132.0
MP-0216,Empaque calibre/ref 28,Empaque,12449,12,9510.0,5434.285714285714,14.88845401174168,31.782295161210204,22.625,2738.78,249.0,586.0,772.0
MP-0256,Pintura calibre/ref 23,Pintura,1070,5,0.0,0.0,0.0,0.0,21.453333333333333,235.4,0.0,0.0,0.0
MP-0303,Vidrio calibre/ref 6,Vidrio,8849,10,0.0,0.0,0.0,0.0,20.402439024390244,1946.78,0.0,0.0,0.0
MP-0319,Lámina calibre/ref 38,Lámina,6387,12,0.0,0.0,0.0,0.0,20.77570093457944,1405.14,0.0,0.0,0.0
MP-0264,Tornillería calibre/ref 10,Tornillería,13222,6,0.0,0.0,0.0,0.0,21.359223300970875,2908.84,0.0,0.0,0.0
MP-0002,Adhesivos calibre/ref 23,Adhesivos,98702,23,6534.0,3733.7142857142853,10.229354207436398,28.359062126845547,24.979591836734695,21714.44,233.0,489.0,227.0
MP-0175,Vidrio calibre/ref 36,Vidrio,7539,18,0.0,0.0,0.0,0.0,20.402439024390244,1658.58,0.0,0.0,0.0
MP-0221,Tornillería calibre/ref 9,Tornillería,3107,15,0.0,0.0,0.0,0.0,21.359223300970875,683.54,0.0,0.0,0.0
MP-0163,Tornillería calibre/ref 21,Tornillería,6781,12,0.0,0.0,0.0,0.0,21.359223300970875,1491.82,0.0,0.0,0.0
MP-0159,Pintura calibre/ref 5,Pintura,4449,12,0.0,0.0,0.0,0.0,21.453333333333333,978.78,0.0,0.0,0.0
MP-0058,Empaque calibre/ref 13,Empaque,64400,6,0.0,0.0,0.0,0.0,22.625,14168.0,0.0,0.0,0.0
MP-0335,Correderas calibre/ref 16,Correderas,6995,8,0.0,0.0,0.0,0.0,23.56053811659193,1538.9,0.0,0.0,0.0
MP-0260,Tornillería calibre/ref 38,Tornillería,3134,17,0.0,0.0,0.0,0.0,21.359223300970875,689.48,0.0,0.0,0.0
MP-0049,Tubería calibre/ref 22,Tubería,27515,13,0.0,0.0,0.0,0.0,20.353932584269664,6053.3,0.0,0.0,0.0
MP-0347,Correderas calibre/ref 37,Correderas,7263,7,0.0,0.0,0.0,0.0,23.56053811659193,1597.86,0.0,0.0,0.0
MP-0370,Tubería calibre/ref 21,Tubería,13919,15,2487.94,1421.68,3.8950136986301374,10.230874275664052,20.353932584269664,3062.18,76.0,155.0,373.0
MP-0416,Adhesivos calibre/ref 8,Adhesivos,13658,13,0.0,0.0,0.0,0.0,24.979591836734695,3004.76,0.0,0.0,0.0
MP-0352,Tubería calibre/ref 27,Tubería,1179,9,0.0,0.0,0.0,0.0,20.353932584269664,259.38,0.0,0.0,0.0
MP-0183,Tubería calibre/ref 20,Tubería,12482,15,0.0,0.0,0.0,0.0,20.353932584269664,2746.04,0.0,0.0,0.0
MP-0252,Correderas calibre/ref 9,Correderas,8477,13,0.0,0.0,0.0,0.0,23.56053811659193,1864.94,0.0,0.0,0.0
MP-0162,Pintura calibre/ref 30,Pintura,6439,12,1411.2,806.4,2.2093150684931504,5.828839936042163,21.453333333333333,1416.58,44.0,91.0,413.0
MP-0212,Adhesivos calibre/ref 28,Adhesivos,14895,10,0.0,0.0,0.0,0.0,24.979591836734695,3276.9,0.0,0.0,0.0
MP-0009,Empaque calibre/ref 27,Empaque,256746,18,8255.45,4717.400000000001,12.924383561643838,30.445072443847323,22.625,56484.12,238.0,530.0,158.0
MP-0273,Pintura calibre/ref 24,Pintura,9058,8,12824.0,7328.0,20.076712328767123,47.29331641762689,21.453333333333333,1992.76,360.0,791.0,1050.0
MP-0127,Pintura calibre/ref 17,Pintura,17887,14,0.0,0.0,0.0,0.0,21.453333333333333,3935.14,0.0,0.0,0.0
MP-0250,Correderas calibre/ref 9,Correderas,12978,15,0.0,0.0,0.0,0.0,23.56053811659193,2855.16,0.0,0.0,0.0
MP-0119,Tubería calibre/ref 23,Tubería,55990,10,0.0,0.0,0.0,0.0,20.353932584269664,12317.8,0.0,0.0,0.0
MP-0160,Correderas calibre/ref 31,Correderas,6056,12,0.0,0.0,0.0,0.0,23.56053811659193,1332.32,0.0,0.0,0.0
MP-0107,Lámina calibre/ref 39,Lámina,69513,14,0.0,0.0,0.0,0.0,20.77570093457944,15292.86,0.0,0.0,0.0
MP-0050,Pintura calibre/ref 32,Pintura,63500,6,0.0,0.0,0.0,0.0,21.453333333333333,13970.0,0.0,0.0,0.0
MP-0149,Tubería calibre/ref 15,Tubería,32103,5,16228.65,9273.514285714286,25.406888454011742,44.200800068712404,20.353932584269664,7062.66,328.0,845.0,628.0
MP-0362,Tubería calibre/ref 26,Tubería,10899,8,0.0,0.0,0.0,0.0,20.353932584269664,2397.78,0.0,0.0,0.0
MP-0354,Tornillería calibre/ref 38,Tornillería,11160,5,0.0,0.0,0.0,0.0,21.359223300970875,2455.2,0.0,0.0,0.0
MP-0376,Tornillería calibre/ref 37,Tornillería,4456,15,0.0,0.0,0.0,0.0,21.359223300970875,980.32,0.0,0.0,0.0
MP-0146,Lámina calibre/ref 23,Lámina,31220,6,0.0,0.0,0.0,0.0,20.77570093457944,6868.4,0.0,0.0,0.0
MP-0333,Tornillería calibre/ref 2,Tornillería,13687,7,0.0,0.0,0.0,0.0,21.359223300970875,3011.14,0.0,0.0,0.0
MP-0122,Pintura calibre/ref 13,Pintura,31481,5,7417.799999999999,4238.742857142856,11.61299412915851,24.790190225743956,21.453333333333333,6925.82,189.0,438.0,428.0
MP-90337,Tornillería (dup),Tornillería,3467,5,0.0,0.0,0.0,0.0,21.359223300970875,762.74,0.0,0.0,0.0
MP-0412,Tornillería calibre/ref 3,Tornillería,1187,10,0.0,0.0,0.0,0.0,21.359223300970875,261.14,0.0,0.0,0.0
MP-0378,Tubería calibre/ref 25,Tubería,6961,8,0.0,0.0,0.0,0.0,20.353932584269664,1531.42,0.0,0.0,0.0
MP-0285,Pintura calibre/ref 15,Pintura,11740,17,0.0,0.0,0.0,0.0,21.453333333333333,2582.8,0.0,0.0,0.0
MP-0016,Adhesivos calibre/ref 24,Adhesivos,142723,15,16537.34,9449.90857142857,25.890160469667315,56.081995191281486,24.979591836734695,31399.06,461.0,1108.0,300.0
MP-0133,Tornillería calibre/ref 9,Tornillería,24738,9,11002.15,6286.942857142856,17.22450097847358,50.25139373728536,21.359223300970875,5442.36,382.0,750.0,589.0
MP-0323,Adhesivos calibre/ref 14,Adhesivos,1501,12,0.0,0.0,0.0,0.0,24.979591836734695,330.22,0.0,0.0,0.0
MP-0244,Pintura calibre/ref 37,Pintura,6572,16,6219.16,3553.805714285714,9.736454011741683,28.371516881526272,21.453333333333333,1445.84,216.0,425.0,859.0
MP-0052,Vidrio calibre/ref 30,Vidrio,35381,11,0.0,0.0,0.0,0.0,20.402439024390244,7783.82,0.0,0.0,0.0
MP-0375,Adhesivos calibre/ref 31,Adhesivos,2599,9,0.0,0.0,0.0,0.0,24.979591836734695,571.78,0.0,0.0,0.0
